,LotArea,GarageFinish,YearRemodAdd,KitchenAbvGr,LowQualFinSF,ExterCond,BsmtHalfBath,Fireplaces,CentralAir,BsmtUnfSF,GarageCars,Neighborhood_NWAmes,1stFlrSF,BsmtFinType1,GarageYrBlt
0,8450,2,2003,1,0,2,0,0,1,150,2,0,856,6,2003.0
1,9600,2,1976,1,0,2,1,1,1,284,2,0,1262,5,1976.0
2,11250,2,2002,1,0,2,0,1,1,434,2,0,920,6,2001.0
3,9550,1,1970,1,0,2,0,1,1,540,3,0,961,5,1998.0
4,14260,2,2000,1,0,2,0,1,1,490,3,0,1145,6,2000.0
5,14115,1,1995,1,0,2,0,0,1,64,2,0,796,6,1993.0
6,10084,2,2005,1,0,2,0,1,1,317,2,0,1694,6,2004.0
7,10382,2,1973,1,0,2,0,2,1,216,2,1,1107,5,1973.0
8,6120,1,1950,2,0,2,0,2,1,952,2,0,1022,1,1931.0
9,7420,2,1950,2,0,2,0,2,1,140,1,0,1077,6,1939.0
10,11200,1,1965,1,0,2,0,0,1,134,1,0,1040,3,1965.0
11,11924,3,2006,1,0,2,0,2,1,177,3,0,1182,6,2005.0
12,12968,1,1962,1,0,2,0,0,1,175,1,0,912,5,1962.0
13,10652,2,2007,1,0,2,0,1,1,1494,3,0,1494,1,2006.0
14,10920,2,1960,1,0,2,0,1,1,520,1,0,1253,4,1960.0
15,6120,1,2001,1,0,2,0,0,1,832,2,0,854,1,1991.0
16,11241,3,1970,1,0,2,0,1,1,426,2,0,1004,5,1970.0
17,10791,1,1967,2,0,2,0,0,1,0,2,0,1296,0,1967.0
18,13695,1,2004,1,0,2,0,0,1,468,2,0,1114,6,2004.0
19,7560,1,1965,1,0,2,0,0,1,525,1,0,1339,2,1958.0
20,14215,2,2006,1,0,2,0,1,1,1158,3,0,1158,1,2005.0
21,7449,1,1950,1,0,2,0,1,1,637,1,0,1108,1,1930.0
22,9742,2,2002,1,0,2,0,1,1,1777,2,0,1795,1,2002.0
23,4224,1,1976,1,0,2,0,1,1,200,2,0,1060,6,1976.0
24,8246,1,2001,1,0,3,0,1,1,204,1,0,1060,3,1968.0
25,14230,2,2007,1,0,2,0,1,1,1566,3,0,1600,1,2007.0
26,7200,1,2000,1,0,2,1,0,1,180,2,0,900,4,2005.0
27,11478,2,2008,1,0,2,0,1,1,486,3,0,1704,6,2008.0
28,16321,2,1997,1,0,2,0,2,1,207,1,0,1600,4,1957.0
29,6324,1,1950,1,0,2,0,0,0,520,1,0,520,1,1920.0
30,8500,1,1950,1,0,1,0,0,0,649,1,0,649,1,1920.0
31,8544,1,2006,1,0,2,0,0,1,1228,1,0,1228,1,1966.0
32,11049,2,2007,1,0,2,0,0,1,1234,2,0,1234,1,2007.0
33,10552,2,1959,1,0,2,1,1,1,380,2,0,1700,3,1959.0
34,7313,3,2005,1,0,2,0,1,1,408,2,0,1561,6,2005.0
35,13418,3,2005,1,0,2,0,1,1,1117,3,0,1132,1,2004.0
36,10859,1,1995,1,0,2,0,0,1,1097,2,0,1097,1,1995.0
37,8532,3,1990,1,0,2,1,1,1,84,2,0,1297,3,1954.0
38,7922,1,2007,1,0,3,0,0,1,326,1,0,1057,6,1953.0
39,6040,0,1955,2,0,2,0,0,0,0,0,0,1152,0,0.0
40,8658,2,1965,1,0,2,0,1,1,445,2,0,1324,3,1965.0
41,16905,2,1959,1,0,3,1,2,1,383,1,0,1328,4,1959.0
42,9180,2,1983,1,0,2,0,0,1,0,2,0,884,5,1983.0
43,9200,1,1980,1,0,2,0,0,1,167,1,0,938,2,1977.0
44,7945,2,1959,1,0,2,0,0,1,465,1,0,1150,5,1959.0
45,7658,2,2005,1,0,2,0,1,1,1296,2,0,1752,6,2005.0
46,12822,2,2003,1,0,2,0,1,1,83,2,0,1518,6,2003.0
47,11096,2,2006,1,0,2,0,0,1,1632,3,0,1656,6,2006.0
48,4456,0,2008,3,0,2,0,0,1,736,0,0,736,1,0.0
49,7742,1,1966,1,0,2,0,0,1,192,1,0,955,4,1966.0
50,13869,3,1997,1,0,2,1,0,1,612,2,0,794,6,1997.0
51,6240,1,1950,1,360,2,0,1,1,816,2,0,816,1,1985.0
52,8472,1,1963,1,0,2,0,0,0,0,2,0,816,2,1963.0
53,50271,3,1987,1,0,2,0,1,1,32,3,0,1842,6,1981.0
54,7134,1,1955,1,0,2,0,1,1,0,2,0,1360,5,1962.0
55,10175,2,1964,1,0,2,0,1,1,935,2,0,1425,4,1964.0
56,2645,3,2000,1,0,2,0,0,1,321,2,0,983,6,1999.0
57,11645,2,2004,1,0,2,0,0,1,860,2,0,860,1,2004.0
58,13682,3,2006,1,0,2,0,1,1,1410,3,0,1426,1,2006.0
59,7200,1,1972,1,0,2,0,0,1,148,1,0,780,5,1973.0
60,13072,1,2004,1,0,2,0,0,1,217,2,0,1158,5,2006.0
61,7200,1,1996,1,0,2,0,0,0,530,1,0,581,1,1935.0
62,6442,2,2006,1,0,2,0,1,1,1346,2,0,1370,6,2006.0
63,10300,1,1950,1,0,2,0,0,1,576,2,0,902,1,1990.0
64,9375,2,1998,1,0,2,0,0,1,318,2,0,1057,6,1998.0
65,9591,2,2005,1,0,2,0,1,1,1143,3,0,1143,1,2004.0
66,19900,2,1989,1,0,2,0,1,1,1035,2,0,2207,6,1970.0
67,10665,2,2003,1,0,2,0,0,1,440,2,0,1479,6,2003.0
68,4608,1,1950,1,0,3,0,0,1,747,1,0,747,1,1945.0
69,15593,3,1953,1,0,2,0,1,1,701,2,0,1304,4,1953.0
70,13651,3,1973,1,0,3,0,2,1,343,2,0,2223,5,1973.0
71,7599,1,2006,1,0,2,0,0,1,280,2,0,845,5,1987.0
72,10141,3,1998,1,0,2,0,1,1,832,2,0,885,1,1998.0
73,10200,1,2003,1,0,2,0,0,1,404,2,0,1086,5,1989.0
74,5790,1,1950,2,0,3,0,0,0,840,1,0,840,1,1915.0
75,1596,1,1973,1,0,2,0,0,1,0,1,0,526,6,1973.0
76,8475,1,1956,1,0,2,0,0,1,724,1,0,952,5,1956.0
77,8635,1,2001,1,0,2,0,0,1,295,1,0,1072,4,1948.0
78,10778,0,1968,2,0,2,0,0,0,1768,0,0,1768,1,0.0
79,10440,1,1981,1,0,2,0,0,1,440,2,0,682,1,1966.0
80,13000,3,1968,1,0,3,0,1,1,448,1,0,1182,3,1968.0
81,4500,3,1998,1,0,3,0,0,1,36,2,0,1337,6,1998.0
82,10206,2,2007,1,0,2,0,1,1,1530,3,0,1563,6,2007.0
83,8892,1,1960,1,0,2,0,0,1,1065,2,0,1065,1,1974.0
84,8530,3,1996,1,0,2,0,1,1,384,2,0,804,1,1995.0
85,16059,1,1992,1,0,2,0,1,1,1288,2,0,1301,1,1991.0
86,11911,3,2005,1,0,2,0,1,1,684,2,0,684,1,2005.0
87,3951,2,2009,1,0,2,0,0,1,612,2,0,612,1,2009.0
88,8470,0,1982,1,513,1,0,0,0,1013,0,0,1013,1,0.0
89,8070,0,1995,1,0,2,0,0,1,402,0,0,990,6,0.0
90,7200,1,1950,1,0,2,0,0,1,0,2,0,1040,0,1950.0
91,8500,1,1961,1,0,2,0,0,1,635,2,0,1235,3,1961.0
92,13360,1,2006,1,0,3,0,0,1,163,2,0,964,5,1921.0
93,7200,1,1998,2,0,2,1,1,0,168,2,0,1260,3,1900.0
94,9337,2,1997,1,0,3,0,0,1,176,2,0,905,6,1997.0
95,9765,3,1993,1,0,3,0,1,1,370,2,0,680,5,1993.0
96,10264,2,1999,1,0,2,0,0,1,426,2,0,1588,5,1999.0
97,10921,3,1965,1,0,2,0,0,1,440,1,0,960,3,1965.0
98,10625,1,1950,1,0,2,0,0,0,350,1,0,835,5,1920.0
99,9320,0,1959,1,0,2,0,0,1,381,0,0,1225,5,0.0
100,10603,2,2001,1,0,2,0,2,1,410,2,1,1610,5,1977.0
101,9206,3,1985,1,0,2,0,1,1,741,2,0,977,1,1985.0
102,7018,1,1979,2,0,1,0,0,1,0,2,0,1535,0,1979.0
103,10402,2,2009,1,0,2,0,0,1,1226,3,0,1226,1,2009.0
104,7758,1,1950,1,0,1,0,2,1,816,1,0,1226,2,1951.0
105,9375,2,2004,1,0,2,0,1,1,1053,2,0,1053,1,2003.0
106,10800,1,1995,1,0,2,0,0,1,641,1,0,1047,1,1954.0
107,6000,1,1950,1,0,2,0,0,1,516,1,0,789,5,1948.0
108,8500,0,2005,1,0,2,0,0,0,793,0,0,997,1,0.0
109,11751,2,1977,1,0,2,0,1,1,1139,2,1,1844,4,1977.0
110,9525,1,1972,1,0,2,0,0,1,550,1,0,1216,3,1954.0
111,7750,3,2000,1,0,2,0,1,1,134,2,0,774,6,2000.0
112,9965,3,2007,1,0,2,0,1,1,280,3,0,1282,6,2007.0
113,21000,1,1953,1,0,3,0,2,1,905,2,0,2259,5,1953.0
114,7259,1,2002,1,0,2,0,1,1,104,1,0,1436,5,1945.0
115,3230,1,1999,1,0,2,0,1,1,310,2,0,729,6,1999.0
116,11616,1,1962,1,0,2,1,1,1,252,1,0,1092,2,1962.0
117,8536,1,2007,1,0,2,0,0,1,1125,2,0,1125,1,2007.0
118,12376,1,1990,1,0,2,0,2,1,203,3,0,1699,6,1990.0
119,8461,3,2006,1,0,2,0,1,1,728,2,0,728,1,2005.0
120,21453,1,1969,1,0,2,0,2,1,0,2,0,988,5,1969.0
121,6060,1,1950,1,0,2,0,0,1,732,1,0,772,1,1979.0
122,9464,1,1958,1,0,3,0,0,1,510,1,0,1080,4,1958.0
123,7892,2,1993,1,0,2,0,0,1,899,2,0,1199,6,1993.0
124,17043,1,1998,1,0,3,0,1,1,1362,2,1,1586,1,1979.0
125,6780,0,1982,1,234,1,0,0,0,30,0,0,520,6,0.0
126,4928,2,1976,1,0,2,0,1,1,958,2,0,958,5,1977.0
127,4388,0,1950,1,0,3,0,1,1,556,0,0,840,2,0.0
128,7590,2,1966,1,0,2,0,1,1,148,2,0,660,4,1966.0
129,8973,2,1991,1,0,2,1,0,1,413,2,0,1053,3,1998.0
130,14200,3,1966,1,0,2,0,2,1,479,2,0,1216,3,1966.0
131,12224,2,2000,1,0,2,0,1,1,297,2,0,1022,6,2000.0
132,7388,1,2002,1,0,2,0,0,1,658,2,0,1327,3,1974.0
133,6853,3,2002,1,0,2,0,0,1,262,2,0,1296,6,2001.0
134,10335,2,1993,1,0,2,0,1,1,891,2,0,1721,3,1968.0
135,10400,1,1970,1,0,2,0,1,1,1304,2,1,1682,1,1970.0
136,10355,2,1967,1,0,2,0,1,1,519,1,0,1214,4,1967.0
137,11070,1,1989,2,0,2,0,0,1,1907,3,0,1959,1,1989.0
138,9066,3,2000,1,0,2,0,2,1,336,3,0,1004,6,1999.0
139,15426,2,1997,1,0,2,0,0,1,107,2,0,928,6,1997.0
140,10500,0,1971,1,0,2,0,1,1,432,0,0,864,5,0.0
141,11645,3,2005,1,0,2,0,0,1,434,2,0,1734,6,2005.0
142,8520,1,1952,1,0,1,0,0,1,403,2,0,910,3,2000.0
143,10335,2,1999,1,0,2,0,0,1,811,2,0,1501,6,1999.0
144,9100,1,1963,2,0,2,0,0,1,396,2,0,1728,3,1963.0
145,2522,1,2006,1,0,2,0,0,1,970,2,0,970,1,2004.0
146,6120,1,1993,1,0,2,0,0,1,506,1,0,875,4,1931.0
147,9505,3,2001,1,0,2,0,1,1,884,2,0,884,1,2001.0
148,7500,0,2005,1,0,2,0,0,1,400,0,0,1080,6,0.0
149,6240,1,1950,1,0,2,0,0,1,896,1,0,896,1,1936.0
150,10356,1,1975,1,0,2,0,0,1,253,2,0,969,4,1975.0
151,13891,2,2008,1,0,2,0,1,1,310,3,0,1710,6,2007.0
152,14803,2,1971,1,0,2,0,1,1,409,2,1,1097,3,1971.0
153,13500,2,1975,1,0,2,0,1,1,93,2,0,1252,4,1960.0
154,11340,1,1950,1,0,2,0,0,1,1200,1,0,1200,1,1923.0
155,9600,0,1950,1,0,2,0,0,0,572,0,0,572,1,0.0
156,7200,1,1950,1,0,2,0,0,1,0,2,0,1040,0,1950.0
157,12003,3,2010,1,0,2,0,1,1,774,3,0,774,1,2009.0
158,12552,2,2005,1,0,2,0,1,1,769,2,0,991,6,2004.0
159,19378,2,2006,1,0,2,0,1,1,1335,2,0,1392,6,2006.0
160,11120,1,1984,1,0,2,0,0,1,572,2,0,1232,4,1984.0
161,13688,3,2004,1,0,2,0,2,1,556,3,0,1572,6,2003.0
162,12182,2,2005,1,0,2,0,1,1,340,2,0,1541,4,2005.0
163,5500,0,1956,1,0,2,0,0,1,882,0,0,882,1,0.0
164,5400,1,2004,1,0,3,0,0,1,779,1,0,1149,2,1926.0
165,10106,0,1999,2,0,3,0,0,1,112,0,0,808,5,0.0
166,10708,3,1993,1,0,2,0,3,1,470,1,0,1867,2,1955.0
167,10562,3,2007,1,0,2,0,1,1,294,3,0,1610,6,2007.0
168,8244,3,2004,1,0,2,0,1,1,840,2,0,840,1,2004.0
169,16669,2,1981,1,0,2,0,1,1,1686,2,0,1707,1,1981.0
170,12358,1,1950,1,528,2,0,0,1,360,2,0,854,3,1991.0
171,31770,3,1960,1,0,2,0,2,1,441,2,0,1656,4,1960.0
172,5306,2,1987,1,0,3,0,1,1,354,2,0,1064,6,1987.0
173,10197,1,1961,1,0,2,0,1,1,700,2,0,1362,5,1961.0
174,12416,3,1986,1,0,2,0,1,1,0,2,0,1651,5,1986.0
175,12615,1,2001,1,0,2,0,1,1,725,2,0,2158,5,1950.0
176,10029,1,1989,1,0,2,1,1,1,320,2,0,1164,6,1988.0
177,13650,1,1958,1,0,3,0,1,1,554,2,0,1252,5,1958.0
178,17423,3,2009,1,0,2,0,1,1,312,3,0,2234,6,2009.0
179,8520,1,2006,1,0,2,0,0,1,968,2,0,968,1,1935.0
180,2117,1,2000,1,0,2,0,1,1,320,2,0,769,6,2000.0
181,7588,1,1950,1,0,2,0,1,1,441,1,0,901,2,1920.0
182,9060,2,2006,1,0,2,0,1,1,0,1,0,1340,0,1957.0
183,11426,1,2003,1,0,2,0,0,1,1362,2,0,1362,1,2003.0
184,7438,1,1991,1,0,2,0,0,1,504,2,0,936,1,1986.0
185,22950,1,1993,1,572,3,0,2,1,1107,3,0,1518,1,1993.0
186,9947,1,1991,1,0,2,0,0,1,577,2,0,1217,6,1990.0
187,10410,1,1987,1,144,2,0,0,1,660,1,0,808,1,1916.0
188,7018,1,1979,2,0,2,0,2,1,0,2,0,1224,6,1979.0
189,4923,3,2002,1,0,2,0,1,1,440,2,0,1593,6,2001.0
190,10570,1,1994,1,0,2,0,2,1,556,2,0,1549,3,1932.0
191,7472,3,2004,1,0,2,0,0,1,99,2,0,725,5,1972.0
192,9017,3,1999,1,0,2,0,0,1,871,2,0,1431,6,1999.0
193,2522,1,2004,1,0,2,0,0,1,970,2,0,970,1,2004.0
194,7180,1,1972,1,0,2,0,0,1,474,1,0,864,5,1989.0
195,2280,1,1976,1,0,2,0,1,1,289,2,0,855,5,1976.0
196,9416,3,2007,1,0,2,0,1,1,600,3,0,1726,6,2007.0
197,25419,1,1990,1,392,3,1,1,1,140,2,0,1360,6,1918.0
198,5520,0,1950,1,371,2,0,0,1,755,0,0,929,1,0.0
199,9591,3,2005,1,0,2,0,1,1,625,3,0,1713,6,2004.0
200,8546,2,2004,1,0,2,0,0,1,1121,2,0,1121,1,2003.0
201,10125,1,1977,1,0,2,1,2,1,276,2,0,1279,5,1980.0
202,7000,1,1950,1,0,3,0,0,1,0,1,0,865,2,1924.0
203,4438,2,2004,1,0,2,0,1,1,186,2,0,848,6,2004.0
204,3500,1,1950,1,0,2,0,0,1,408,1,0,720,2,1948.0
205,11851,2,1990,1,0,2,0,0,1,1424,2,0,1442,1,1990.0
206,13673,2,1962,1,0,3,0,1,1,1140,1,0,1696,1,1962.0
207,12493,2,1960,1,0,2,0,1,1,375,1,0,1100,5,1960.0
208,14364,3,1989,1,0,2,0,1,1,92,2,0,1180,6,1988.0
209,8250,2,1964,1,0,2,0,0,1,305,2,0,1092,3,1964.0
210,5604,0,1950,1,0,2,0,0,0,396,0,0,864,3,0.0
211,10420,2,2009,1,0,2,0,0,1,1176,2,0,1212,6,2009.0
212,8640,2,2009,1,0,2,0,1,1,78,2,0,932,6,2009.0
213,13568,1,1995,1,0,2,1,0,1,274,2,0,990,5,1996.0
214,10900,3,1977,1,0,2,0,0,1,311,1,0,689,6,1977.0
215,10011,1,1996,1,0,2,1,1,1,710,1,0,1236,4,1957.0
216,8450,1,2004,1,0,2,0,0,1,490,2,0,1436,6,2004.0
217,9906,1,1950,1,0,2,0,0,0,686,1,0,810,1,1940.0
218,15660,1,2006,1,0,3,1,2,1,457,2,0,1137,4,1939.0
219,3010,3,2006,1,0,2,0,0,1,1232,2,0,1248,6,2005.0
220,8990,2,2006,1,0,2,0,0,1,1498,2,0,1498,1,2006.0
221,8068,2,2002,1,0,2,0,1,1,1010,2,0,1010,1,2002.0
222,11475,2,1975,1,0,2,0,1,1,163,2,1,811,5,1975.0
223,10500,1,1971,1,0,2,0,0,1,160,2,0,864,5,1989.0
224,13472,3,2003,1,0,2,0,1,1,2336,3,0,2392,6,2003.0
225,1680,1,1971,1,0,2,0,0,1,630,1,0,630,1,1991.0
226,9950,2,1995,1,0,2,0,1,1,638,3,0,1214,6,1995.0
227,1869,1,1970,1,0,2,0,0,1,162,1,0,483,3,1987.0
228,8521,1,1967,1,0,2,0,1,1,70,1,0,912,5,1974.0
229,3182,3,2006,1,0,2,0,1,1,1357,2,0,1555,6,2005.0
230,8760,2,1959,1,0,2,0,0,1,1194,1,0,1194,1,1959.0
231,15138,3,1996,1,0,2,0,1,1,773,3,0,1490,6,1995.0
232,1680,1,1972,1,0,2,0,1,1,483,1,0,483,1,1972.0
233,10650,1,1976,1,0,2,0,0,1,0,1,0,894,2,1976.0
234,7851,3,2002,1,0,2,0,2,1,235,2,0,860,6,2002.0
235,1680,1,1971,1,0,2,0,0,1,125,1,0,483,5,1971.0
236,8773,2,2004,1,0,2,0,0,1,1390,2,0,1414,6,2004.0
237,9453,2,2003,1,0,2,0,0,1,594,2,0,1014,4,1993.0
238,12030,3,2007,1,0,2,0,0,1,1694,3,0,1694,1,2007.0
239,8741,1,1950,1,0,2,0,1,1,641,1,0,798,2,1949.0
240,9000,2,2008,1,0,2,0,0,1,488,2,0,1566,6,2008.0
241,3880,0,1997,1,0,3,0,0,1,357,0,0,866,5,0.0
242,5000,1,1950,1,0,2,0,0,0,540,1,0,889,1,1940.0
243,10762,2,1980,1,0,2,0,1,1,626,1,0,626,1,1980.0
244,8880,2,2002,1,0,2,0,2,1,253,2,0,1222,6,1994.0
245,10400,3,1988,1,0,2,1,1,1,916,2,1,1872,6,1988.0
246,9142,1,1950,2,0,1,0,0,0,1020,1,0,908,1,1910.0
247,11310,1,1954,1,0,2,0,1,1,1367,2,0,1375,1,1954.0
248,11317,2,2003,1,0,2,0,0,1,840,2,0,840,1,2003.0
249,159000,3,2006,1,0,2,1,2,1,747,2,0,1444,3,1958.0
250,5350,0,1966,1,0,0,0,0,1,728,0,0,1306,1,0.0
251,4750,3,2007,1,0,2,1,1,1,0,2,0,1625,6,2006.0
252,8366,2,2004,1,0,2,0,0,1,798,2,0,798,1,2004.0
253,9350,2,1991,1,0,2,1,0,1,452,1,0,1302,2,1964.0
254,8400,2,1957,1,0,3,0,0,1,392,1,0,1314,3,1957.0
255,8738,3,1999,1,0,2,0,1,1,975,2,0,1005,1,1999.0
256,8791,2,2003,1,0,2,0,0,1,361,2,0,864,3,2003.0
257,8814,2,2006,1,0,2,0,1,1,270,2,0,1604,6,2006.0
258,12435,2,2001,1,0,2,0,1,1,602,2,0,963,6,2001.0
259,12702,1,1956,1,0,2,0,0,1,0,1,0,882,0,1956.0
260,19296,1,1962,1,0,2,0,1,1,0,2,0,1382,3,1991.0
261,9588,3,2007,1,0,2,0,1,1,1482,3,0,1482,1,2007.0
262,8471,1,1995,1,0,2,0,1,1,0,2,0,1212,5,1978.0
263,5500,1,2001,1,390,2,0,0,1,0,2,0,926,2,1974.0
264,5232,1,2004,1,0,2,0,0,0,680,2,0,764,1,1965.0
265,12090,3,1981,1,0,3,0,1,1,606,2,1,1422,6,1981.0
266,11207,3,1997,1,0,2,0,1,1,88,2,0,802,6,1997.0
267,8400,1,1997,1,420,2,0,1,1,342,1,0,1052,2,1939.0
268,6900,3,1955,1,0,2,0,1,1,212,1,0,778,5,1966.0
269,7917,2,1976,1,0,3,0,1,1,392,1,0,1113,4,1987.0
270,10728,2,2006,1,0,2,0,1,1,1095,3,0,1095,1,2006.0
271,39104,1,2005,1,0,2,0,2,1,96,2,0,1363,2,1954.0
272,11764,3,2007,1,0,2,0,1,1,628,3,0,1164,6,1999.0
273,9600,2,1988,1,0,2,0,1,1,0,1,0,1632,3,1958.0
274,8314,1,1982,1,0,2,0,0,1,270,1,0,816,5,1982.0
275,7264,1,2007,1,0,3,0,0,0,952,2,0,952,1,1978.0
276,9196,3,2003,1,0,2,0,0,1,1560,2,0,1560,1,2003.0
277,19138,1,1951,1,0,2,0,0,1,744,2,0,864,2,1951.0
278,14450,3,2007,1,0,2,0,1,1,2121,3,0,2121,1,2007.0
279,10005,3,1977,1,0,2,0,1,1,768,2,0,1156,4,1977.0
280,11287,3,1989,1,0,2,0,1,1,386,2,0,1175,6,1989.0
281,7200,3,2006,1,0,2,0,0,1,357,2,0,1262,6,2006.0
282,5063,2,2008,1,0,2,0,1,1,410,2,0,1314,6,2008.0
283,9612,3,2009,1,0,2,0,1,1,1468,3,0,1468,1,2008.0
284,8012,2,1992,1,0,2,0,0,1,1145,2,0,1575,6,1992.0
285,4251,2,2007,1,0,2,0,0,1,625,2,0,625,1,2006.0
286,9786,2,1981,1,0,2,0,1,1,312,2,0,1085,3,1962.0
287,8125,0,1971,1,0,2,0,0,1,244,0,0,858,4,0.0
288,9819,1,1967,1,0,3,0,0,1,432,1,0,900,4,1970.0
289,8730,1,2003,1,0,2,0,0,1,698,1,0,698,1,2003.0
290,15611,2,2006,1,0,2,0,1,1,1079,2,0,1079,1,2006.0
291,5687,0,2000,1,0,1,0,0,0,570,0,0,936,3,0.0
292,11409,1,2008,1,0,2,0,1,1,476,1,0,1148,2,1949.0
293,16659,3,1994,1,0,2,0,1,1,0,2,1,1468,5,1977.0
294,9600,3,1953,1,0,2,0,2,1,131,2,0,1644,6,1953.0
295,7937,1,1984,1,0,2,0,0,1,184,2,0,1003,6,1984.0
296,13710,1,1950,1,0,2,0,0,1,490,1,0,910,4,1950.0
297,7399,2,1998,1,0,2,0,1,1,326,2,0,975,4,1997.0
298,11700,1,1968,1,0,2,1,1,1,143,2,1,1041,5,1968.0
299,14000,1,2004,1,0,3,1,1,1,1092,1,0,1152,1,1950.0
300,15750,1,1953,1,0,2,0,2,1,324,1,0,1336,4,1953.0
301,16226,3,1999,1,0,2,0,1,1,747,2,0,1210,6,1998.0
302,13704,2,2002,1,0,2,0,1,1,1541,3,0,1541,1,2001.0
303,9800,1,1972,1,0,2,0,0,1,0,2,0,894,5,1975.0
304,18386,1,2002,1,0,2,0,1,1,1470,3,0,1675,1,2003.0
305,10386,3,2005,1,0,2,0,0,1,536,3,0,2000,6,2004.0
306,13474,2,1991,1,0,2,0,1,1,0,3,0,1122,5,1990.0
307,7920,0,1950,1,0,1,0,0,1,319,0,0,1035,1,0.0
308,12342,1,1950,1,0,2,0,0,1,599,2,0,861,4,1961.0
309,12378,3,2004,1,0,2,0,3,1,622,3,0,1944,6,2003.0
310,7685,3,1994,1,0,2,0,1,1,179,2,0,697,5,1993.0
311,8000,1,2002,1,0,3,0,1,1,292,1,0,972,5,1948.0
312,7800,1,1950,1,0,2,0,1,1,286,2,0,793,3,1939.0
313,215245,2,1965,1,0,2,0,2,1,80,2,0,2036,5,1965.0
314,9600,1,1990,1,0,2,1,1,1,712,2,0,832,2,1925.0
315,7795,3,2005,1,0,2,0,1,1,291,2,0,716,6,2004.0
316,13005,2,1980,1,0,2,0,1,1,153,2,1,1153,6,1983.0
317,9000,2,2006,1,0,2,0,1,1,1088,3,0,1088,1,2006.0
318,9900,2,1993,1,0,2,0,1,1,360,3,0,1372,6,1993.0
319,14115,1,1980,1,0,2,0,2,1,336,2,1,1472,6,1980.0
320,16259,2,2006,1,0,2,0,0,1,1249,3,0,1249,1,2006.0
321,12099,3,2004,1,0,2,0,1,1,166,3,0,1136,6,2004.0
322,10380,3,1987,1,0,2,0,1,1,0,2,0,1553,2,1987.0
323,5820,1,2005,1,0,3,0,0,1,906,1,0,1163,5,1955.0
324,11275,3,2007,1,0,3,0,1,1,710,2,0,1898,1,1961.0
325,5000,1,1950,1,0,2,0,0,0,604,2,0,803,4,1941.0
326,10846,3,1993,1,0,2,0,2,1,100,2,0,1719,6,1993.0
327,11600,2,1960,1,0,2,0,0,1,818,1,0,1383,3,1960.0
328,11888,1,1994,1,0,2,0,0,0,844,2,0,1445,1,1930.0
329,6402,1,1950,1,0,2,0,0,0,596,1,0,596,1,1920.0
330,10624,1,1964,2,0,2,1,0,1,1424,1,0,1728,6,2002.0
331,8176,2,1992,1,0,2,0,0,1,210,1,0,1056,3,1958.0
332,10655,2,2004,1,0,2,0,1,1,1603,3,0,1629,6,2003.0
333,8198,2,2004,1,0,2,0,1,1,638,2,0,1358,6,2004.0
334,9042,3,1998,1,0,2,0,2,1,115,2,0,943,6,1998.0
335,164660,3,1965,1,0,2,0,2,1,103,2,0,1619,5,1965.0
336,14157,3,2006,1,0,2,0,1,1,673,3,0,1922,6,2005.0
337,9135,2,2003,1,0,2,0,0,1,726,2,0,1536,6,2002.0
338,14145,2,1998,1,0,2,0,0,1,995,2,1,1621,5,1984.0
339,12400,1,1998,1,0,2,0,0,1,630,1,0,1215,3,1958.0
340,14191,3,2002,1,0,2,0,0,1,967,2,0,993,1,2002.0
341,8400,1,1950,1,0,1,0,0,1,721,1,0,841,1,1950.0
342,8544,1,1950,2,0,2,0,0,0,0,2,0,1040,0,1949.0
343,8849,2,2005,1,0,2,0,1,1,1656,2,0,1684,6,2005.0
344,2592,1,1976,1,0,2,0,0,1,175,1,0,536,3,1976.0
345,6435,1,1950,1,0,2,0,1,1,972,1,0,972,1,1939.0
346,12772,2,1998,1,0,3,0,0,1,460,1,0,958,4,1960.0
347,17600,1,1960,1,0,2,0,2,1,208,2,0,1478,4,1960.0
348,2448,2,2004,1,0,2,0,0,1,191,2,0,764,6,2003.0
349,20431,3,2006,1,0,2,0,2,1,438,3,0,1848,6,2006.0
350,7820,2,2007,1,0,2,0,1,1,1869,2,0,1869,1,2007.0
351,5271,2,1986,1,0,2,0,1,1,371,2,0,1453,6,1986.0
352,9084,1,1950,1,0,2,1,0,0,0,1,0,616,2,1941.0
353,8520,1,2003,1,0,3,0,0,1,624,2,0,720,1,2005.0
354,8400,1,2000,1,0,2,0,2,1,552,1,0,1192,2,1940.0
355,11249,2,1995,1,0,3,0,0,1,322,2,0,1200,5,1995.0
356,9248,2,1992,1,0,2,0,0,1,598,2,0,1167,6,1992.0
357,4224,3,1976,1,0,2,0,1,1,268,2,0,1142,5,1976.0
358,6930,1,1958,1,0,2,1,0,1,468,1,0,1352,4,1958.0
359,12011,2,1998,1,0,2,0,1,1,130,2,0,1086,6,1998.0
360,7540,2,1978,1,0,2,0,1,1,115,2,0,912,6,1978.0
361,9144,1,1982,1,0,2,0,0,1,484,1,0,988,3,1940.0
362,7301,2,2003,1,0,2,0,1,1,0,2,0,495,0,2003.0
363,1680,1,2007,1,0,2,0,0,1,321,1,0,483,5,1972.0
364,18800,3,1976,1,0,2,0,1,1,84,2,1,790,6,1976.0
365,10690,1,1997,1,0,3,0,0,1,216,1,0,672,3,1964.0
366,9500,2,1963,1,0,2,0,2,1,785,2,0,1394,4,1963.0
367,9150,2,1962,1,0,2,1,1,1,728,1,0,1431,6,1962.0
368,7800,3,1954,1,0,2,0,1,1,728,1,0,1268,2,1954.0
369,9830,3,2006,1,0,3,0,1,1,733,2,0,1287,5,1997.0
370,8121,2,2000,1,0,2,0,1,1,953,2,0,953,1,2000.0
371,17120,3,1959,1,0,2,0,1,1,0,2,0,1120,0,1991.0
372,7175,1,1984,1,0,2,0,0,1,0,1,0,752,5,1984.0
373,10634,1,1953,1,0,2,0,0,1,0,1,0,1319,4,1953.0
374,8200,3,2004,1,0,2,0,1,1,847,2,0,847,1,2003.0
375,10020,0,1950,1,0,1,0,0,0,333,0,0,904,4,0.0
376,8846,1,1996,1,0,2,0,0,1,572,2,0,914,6,1998.0
377,11143,2,2005,1,0,2,0,1,1,1580,2,0,1580,1,2004.0
378,11394,3,2010,1,0,2,0,1,1,411,3,0,1856,6,2010.0
379,8123,3,2000,1,0,2,0,1,1,982,2,0,1007,1,2000.0
380,5000,1,1950,1,0,2,0,1,1,808,1,0,1026,2,1924.0
381,7200,2,2006,1,0,2,0,1,1,1293,2,0,1301,1,2006.0
382,9245,2,2006,1,0,2,0,0,1,939,2,0,939,1,2006.0
383,9000,1,1950,1,0,2,0,0,0,784,2,0,784,1,1950.0
384,53107,3,1992,1,0,2,0,2,1,595,2,0,1079,6,1992.0
385,3182,3,2005,1,0,2,0,1,1,1232,2,0,1269,6,2004.0
386,8410,0,1996,1,0,1,0,0,1,658,0,0,658,1,0.0
387,7200,1,1976,1,0,2,0,1,1,410,1,0,1125,5,1977.0
388,9382,2,2000,1,0,2,0,0,1,1468,2,0,1479,1,1999.0
389,12474,3,2008,1,0,2,0,1,1,402,3,0,1742,6,2008.0
390,8405,1,1950,1,0,2,0,0,1,229,1,0,961,3,1978.0
391,12209,3,2002,1,0,2,0,1,1,114,2,0,804,5,2001.0
392,8339,2,1959,1,0,2,0,0,1,0,1,0,882,0,1959.0
393,7446,0,1950,1,0,2,0,2,1,522,0,0,788,3,0.0
394,10134,1,1950,1,0,2,0,0,1,735,1,0,735,1,1940.0
395,9571,1,1956,1,0,2,0,0,1,405,1,0,1144,4,1956.0
396,7200,2,1972,1,0,2,0,0,1,117,2,0,894,3,1985.0
397,7590,2,1962,1,0,2,0,1,1,324,1,0,876,5,1962.0
398,8967,1,1950,1,0,1,0,0,1,961,1,0,1077,1,1920.0
399,8125,3,2007,1,0,2,0,0,1,280,2,0,1112,6,2007.0
400,14963,3,1996,1,0,2,0,2,1,474,2,0,1288,6,1996.0
401,8767,3,2005,1,0,2,0,1,1,1286,2,0,1310,6,2005.0
402,10200,1,1997,1,0,2,0,0,1,672,1,0,672,1,1940.0
403,12090,3,1998,1,0,2,0,1,1,1141,2,0,1165,1,1998.0
404,10364,3,1996,1,0,2,0,1,1,806,2,0,806,1,1995.0
405,9991,1,1993,1,0,2,0,1,1,165,2,0,1620,4,1993.0
406,10480,1,1950,1,473,2,0,0,1,1064,1,0,1166,1,1936.0
407,15576,1,1976,1,0,2,0,0,1,840,1,0,840,1,1960.0
408,14154,2,2006,1,0,2,0,1,1,1063,3,0,1071,1,2006.0
409,10800,3,2008,1,0,2,0,1,1,245,3,0,1050,6,2008.0
410,9571,1,1958,1,0,1,0,0,1,1276,1,0,1276,1,1958.0
411,34650,3,1955,1,0,2,0,0,0,0,2,0,1056,3,1955.0
412,4403,3,2009,1,0,2,0,1,1,892,2,0,1478,6,2009.0
413,8960,1,1950,1,0,2,0,1,1,1008,2,0,1028,1,1927.0
414,11228,1,1993,1,0,2,1,1,1,499,3,0,1080,4,1993.0
415,8899,3,2007,1,0,2,0,0,1,1316,2,0,1340,6,2007.0
416,7844,3,1978,1,0,2,0,1,1,463,2,0,672,5,1978.0
417,22420,1,1950,1,0,2,0,1,0,242,3,0,1370,4,1918.0
418,8160,1,1950,1,0,2,0,0,0,444,1,0,756,5,1940.0
419,8450,1,1968,1,0,2,0,1,1,281,1,0,1056,4,1968.0
420,7060,3,1998,2,0,3,0,0,1,35,4,0,1344,6,1997.0
421,16635,3,2000,1,0,2,1,1,1,356,2,1,1602,5,1977.0
422,21750,2,1954,1,0,2,0,0,1,988,2,0,988,1,1954.0
423,9200,3,1998,1,0,2,0,1,1,484,3,0,1470,6,1998.0
424,9000,2,1956,1,0,2,0,1,1,580,1,0,1196,2,1956.0
425,3378,1,1992,1,0,3,0,2,1,651,1,0,707,1,1947.0
426,12800,3,1989,1,0,2,1,1,1,0,2,0,1644,6,1989.0
427,8593,1,1957,1,0,2,0,0,1,619,1,0,907,3,1964.0
428,6762,2,2007,1,0,2,0,0,1,544,2,0,1208,6,2007.0
429,11457,1,1988,1,0,2,0,1,1,387,2,0,1412,6,1988.0
430,1680,1,1971,1,0,2,0,0,1,96,1,0,483,5,1971.0
431,5586,0,1998,1,0,2,0,0,1,901,0,0,1088,1,0.0
432,1920,1,1971,1,0,2,0,0,1,294,2,0,765,5,1971.0
433,10839,3,1998,1,0,2,0,1,1,926,2,0,926,1,1997.0
434,1890,0,1972,1,0,3,0,0,1,135,0,0,630,5,0.0
435,10667,2,1996,1,0,2,0,1,1,70,2,0,827,6,1996.0
436,4400,1,1950,1,0,2,0,0,1,648,2,0,734,1,1990.0
437,6000,1,2004,1,0,2,0,0,1,884,1,0,904,1,1926.0
438,4280,1,2002,1,0,2,0,1,0,75,1,0,694,2,1990.0
439,12354,1,2000,1,0,2,0,0,1,684,2,0,684,1,2005.0
440,15431,3,2008,1,0,2,0,2,1,788,3,0,2402,6,2008.0
441,12108,0,1955,2,0,2,0,0,0,1307,0,0,1440,5,0.0
442,6240,1,1992,1,0,2,0,1,1,1078,2,0,1128,1,1930.0
443,3922,3,2007,1,0,2,0,1,1,1258,3,0,1258,1,2007.0
444,8750,1,1995,1,0,3,0,1,1,273,2,0,933,6,1994.0
445,9855,1,1956,1,0,2,0,1,1,1436,2,0,1689,1,1956.0
446,16492,3,2002,1,0,2,0,1,1,557,2,0,1888,5,1966.0
447,11214,3,1999,1,0,2,0,1,1,930,2,0,956,1,1998.0
448,8600,1,1950,1,0,2,0,1,1,780,1,0,780,1,1937.0
449,6000,1,2002,1,0,3,0,0,1,318,1,0,679,5,1981.0
450,5684,1,2005,1,0,2,0,0,1,813,1,0,813,1,1932.0
451,70761,1,1975,1,0,2,0,2,1,878,2,0,1533,5,1975.0
452,9303,3,1997,1,0,2,0,0,1,130,2,0,888,5,1996.0
453,9000,2,2008,1,0,2,0,0,1,768,2,0,786,1,2008.0
454,9297,1,1976,2,0,2,0,0,1,122,2,0,1728,5,1976.0
455,9600,1,1973,1,0,2,0,1,1,326,2,1,1242,5,1973.0
456,4571,1,1950,1,0,2,0,0,0,624,3,0,624,1,1916.0
457,53227,3,1994,1,0,2,0,2,1,248,2,0,1663,4,1954.0
458,5100,1,1996,1,0,3,0,1,1,588,1,0,833,1,1925.0
459,7015,1,1950,1,0,2,0,1,1,524,1,0,979,2,1950.0
460,8004,3,2009,1,0,2,0,0,1,288,2,0,832,6,2009.0
461,7200,2,2007,1,0,3,0,0,1,0,2,0,575,5,1971.0
462,8281,1,1965,1,0,2,0,1,1,0,1,0,864,3,1965.0
463,11988,1,1995,1,0,2,0,1,1,389,1,0,849,2,1939.0
464,8430,0,1978,1,0,2,0,0,1,424,0,0,1040,3,0.0
465,3072,3,2004,1,0,2,0,1,1,1375,2,0,1414,1,2004.0
466,10628,1,1970,1,0,3,0,1,1,499,2,0,1277,6,1970.0
467,9480,1,1995,1,0,2,0,2,1,342,1,0,888,2,1942.0
468,11428,2,2006,1,0,2,0,1,1,1626,3,0,1634,1,2006.0
469,9291,2,1993,1,0,2,0,0,1,406,2,0,832,6,1993.0
470,6820,2,1985,1,0,2,0,0,1,0,2,0,1502,6,1985.0
471,11952,2,1977,1,0,2,0,1,1,808,2,1,1161,1,1977.0
472,3675,2,2005,1,0,2,0,0,1,88,2,0,1072,6,2005.0
473,14977,2,2007,1,0,2,0,1,1,626,3,0,1976,6,2006.0
474,5330,2,2000,1,0,2,0,0,1,298,2,0,1652,6,2000.0
475,8480,1,1963,1,0,2,0,0,1,340,2,0,970,6,1996.0
476,13125,3,1998,1,0,2,0,1,1,484,2,0,1493,6,1997.0
477,13693,3,2006,1,0,2,0,1,1,2153,3,0,2069,1,2006.0
478,10637,2,2008,1,0,2,0,1,1,417,3,0,1718,6,2007.0
479,5925,1,2000,1,0,2,0,0,1,739,2,0,1131,3,1995.0
480,16033,3,2005,1,0,2,0,1,1,572,3,0,1850,6,2004.0
481,11846,3,2004,1,0,2,0,1,1,225,3,0,1792,6,2003.0
482,2500,1,2005,1,0,2,0,1,1,611,1,0,916,5,1915.0
483,4500,1,1998,1,0,2,0,0,1,319,2,0,1216,6,1998.0
484,7758,1,2001,1,0,3,0,0,1,411,1,0,999,5,1963.0
485,9600,1,2007,1,0,2,0,1,1,506,1,0,1113,5,1950.0
486,10289,2,1965,1,0,2,0,0,1,237,2,0,1073,5,1965.0
487,12243,1,1971,1,0,2,0,1,1,486,2,1,1484,5,1971.0
488,10800,1,1970,2,0,1,0,1,0,290,2,0,1766,4,1970.0
489,1526,1,2002,1,0,3,0,0,1,115,1,0,630,6,1970.0
490,2665,3,1976,1,0,2,0,1,1,264,1,0,616,1,1976.0
491,9490,1,1950,1,0,2,0,2,1,238,1,0,958,4,1941.0
492,15578,2,2006,1,0,2,0,0,1,728,2,0,728,1,2006.0
493,7931,1,1960,1,0,2,0,1,1,363,1,0,1269,4,1964.0
494,5784,1,1996,1,0,2,0,0,1,190,1,0,886,1,1938.0
495,7879,0,1950,1,0,2,0,0,0,225,0,0,720,3,0.0
496,12692,2,1993,1,0,2,0,1,1,1969,2,0,3228,6,1992.0
497,9120,1,1950,1,0,3,0,0,1,697,1,0,1133,3,1925.0
498,7800,3,2004,1,0,2,0,0,1,414,1,0,899,5,1967.0
499,7535,3,1985,1,0,2,1,0,1,522,1,0,912,4,1958.0
500,1890,1,1973,1,0,2,0,0,1,316,1,0,672,4,1973.0
501,9803,2,2005,1,0,2,0,0,1,466,2,0,866,6,2005.0
502,9170,1,1965,1,0,2,0,0,1,420,2,0,1214,5,1965.0
503,15602,3,1997,1,0,2,0,2,1,254,2,0,1801,5,1959.0
504,2308,1,1974,1,0,2,1,1,1,103,2,0,855,5,1974.0
505,7596,1,1952,2,0,2,0,0,1,960,2,0,960,1,1952.0
506,9554,2,1994,1,0,2,0,1,1,397,2,0,1065,6,1993.0
507,7862,3,2009,1,0,2,0,0,1,1191,2,0,1218,6,2009.0
508,9600,1,2005,1,0,4,0,1,1,548,2,0,689,3,1928.0
509,9600,2,1959,1,0,2,0,0,1,50,1,0,1041,5,1959.0
510,14559,1,2000,1,0,2,0,2,1,178,1,0,1363,4,1951.0
511,6792,2,2006,1,0,2,0,1,1,1368,2,0,1368,1,2005.0
512,9100,1,1958,1,0,2,0,0,1,169,2,0,864,4,1964.0
513,9187,1,1983,1,0,3,0,0,1,748,2,0,1080,5,1983.0
514,10594,1,1950,1,0,2,0,0,0,768,1,0,789,1,1926.0
515,12220,3,2009,1,0,2,0,1,1,570,3,0,2020,6,2009.0
516,10448,2,1972,1,0,2,0,1,1,689,2,1,1378,1,1972.0
517,10208,2,1997,1,0,2,0,1,1,1264,3,0,1277,1,1996.0
518,9531,2,1998,1,0,2,0,0,1,88,2,0,882,6,1998.0
519,10918,1,2004,1,0,2,0,2,1,1276,1,0,1276,1,1926.0
520,10800,0,2000,2,0,2,0,0,0,0,0,0,694,0,0.0
521,11988,1,1957,1,0,2,0,2,1,467,1,0,1244,3,1957.0
522,5000,1,1950,1,0,3,0,2,1,605,2,0,1004,5,1950.0
523,40094,3,2008,1,0,2,0,1,1,878,3,0,3138,6,2007.0
524,11787,3,1997,1,0,2,0,1,1,660,3,0,1383,6,1996.0
525,7500,1,2005,1,0,2,0,1,1,1257,2,0,1266,1,2005.0
526,13300,1,2000,1,0,2,0,0,1,551,1,0,928,3,1956.0
527,14948,3,2008,1,0,2,0,1,1,122,3,0,1476,6,2008.0
528,9098,0,2002,1,0,2,0,0,1,180,0,0,605,5,0.0
529,32668,2,1975,2,0,2,0,2,1,816,2,0,2515,3,1975.0
530,10200,2,1989,1,0,2,0,1,1,678,2,0,1509,6,1988.0
531,6155,3,1999,1,0,2,0,0,1,611,2,0,751,1,1920.0
532,7200,1,2007,1,0,2,0,1,1,0,1,0,827,0,1967.0
533,5000,0,1950,1,0,1,0,0,0,0,0,0,334,0,0.0
534,9056,3,2004,1,0,2,0,1,1,707,2,0,707,1,2004.0
535,7000,0,1991,1,0,2,0,0,1,148,0,0,820,6,0.0
536,8924,3,1999,1,0,2,0,0,1,880,2,0,880,1,1998.0
537,12735,1,1972,1,0,2,0,0,1,264,2,0,864,4,1980.0
538,11553,1,1968,1,0,2,0,1,1,378,1,0,1159,4,1968.0
539,11423,2,2002,1,0,2,0,1,1,223,2,0,1601,6,2001.0
540,14601,3,2006,1,0,2,0,1,1,578,3,0,1838,6,2006.0
541,11000,3,2000,1,0,2,0,1,1,969,3,0,997,1,2000.0
542,10140,3,1999,1,0,2,0,1,1,379,2,1,1680,2,1998.0
543,4058,3,1998,1,0,2,0,0,1,0,1,0,767,6,1998.0
544,17104,2,2006,1,0,2,0,1,1,100,2,0,664,6,2006.0
545,13837,1,1988,1,0,3,0,0,1,0,3,1,1377,6,1988.0
546,8737,1,1950,1,0,2,0,1,1,765,2,0,915,3,1950.0
547,7244,1,1970,1,0,3,0,0,1,149,2,0,768,5,1987.0
548,8235,2,1995,1,0,3,0,0,1,0,2,0,825,2,1963.0
549,9375,3,2004,1,0,2,0,1,1,912,2,0,912,1,2003.0
550,4043,2,1977,1,0,2,0,0,1,510,2,0,1069,5,1977.0
551,6000,3,1957,1,0,2,0,0,1,620,1,0,928,3,1957.0
552,11146,2,2006,1,0,2,0,1,1,1709,3,0,1717,1,2006.0
553,8777,3,2003,1,0,2,0,0,1,0,2,0,1126,0,2002.0
554,10625,2,2004,1,0,2,0,1,1,132,3,0,1006,6,2003.0
555,6380,1,1950,1,0,2,0,1,1,993,1,0,1048,1,1922.0
556,14850,3,1957,1,0,2,0,1,1,197,1,0,1092,3,1957.0
557,11040,1,1950,1,0,2,0,0,1,0,1,0,897,3,1994.0
558,21872,1,1997,1,0,2,1,1,1,125,2,0,729,6,1996.0
559,3196,3,2004,1,0,2,0,1,1,1374,2,0,1557,1,2003.0
560,11341,1,1996,1,0,2,0,1,1,90,2,0,1392,5,1957.0
561,10010,2,1975,1,0,2,0,1,1,195,2,0,1389,5,1975.0
562,13907,0,1969,1,0,2,0,1,1,706,0,0,996,4,0.0
563,21780,3,1950,1,0,2,0,1,1,1163,2,0,1163,1,1955.0
564,13346,2,2000,1,0,2,0,1,1,367,2,0,1166,6,1992.0
565,6858,1,1950,1,0,2,0,0,0,806,1,0,841,1,1920.0
566,11198,3,2007,1,0,2,0,1,1,1122,3,0,1134,1,2005.0
567,10171,2,2004,1,0,2,0,0,1,1515,2,0,1535,6,2004.0
568,12327,3,2009,1,0,2,0,1,1,55,2,0,1496,6,1983.0
569,7032,1,1979,1,0,2,0,2,1,0,2,0,943,6,1979.0
570,13101,1,1965,2,0,2,0,0,1,1497,2,0,1728,2,1987.0
571,7332,1,1959,1,0,2,0,0,1,450,1,0,864,4,1959.0
572,13159,2,2009,1,0,2,0,0,1,846,2,0,846,1,2009.0
573,9967,2,2000,1,0,2,0,1,1,384,2,0,774,1,2000.0
574,10500,1,2005,1,0,2,1,0,1,23,1,0,576,5,1971.0
575,8480,1,1950,1,0,2,0,0,1,390,1,0,832,3,1947.0
576,6292,1,1950,1,0,2,1,1,1,861,1,0,877,1,1928.0
577,11777,2,1966,1,0,2,0,2,1,285,2,0,1320,2,1966.0
578,3604,1,2007,1,0,2,0,0,1,689,2,0,703,1,2007.0
579,12150,1,1954,1,0,2,0,0,0,1050,1,0,1050,1,1954.0
580,14585,1,1987,1,0,2,1,2,1,331,2,0,1429,4,1960.0
581,12704,2,2009,1,0,2,0,1,1,2042,3,0,2042,1,2009.0
582,11841,0,1990,1,0,3,0,0,1,0,0,0,816,6,0.0
583,13500,1,2000,1,0,4,0,1,1,1237,2,0,1521,1,1988.0
584,6120,1,1995,1,0,2,0,0,1,884,1,0,989,1,1935.0
585,11443,2,2006,1,0,2,0,2,1,408,3,0,2028,6,2005.0
586,10267,3,2000,1,0,3,0,0,1,0,1,0,838,3,1961.0
587,8740,1,1982,1,0,2,0,0,1,168,2,0,860,5,1996.0
588,25095,1,2003,1,0,2,0,2,1,113,1,0,1473,6,1968.0
589,9100,1,1960,1,156,2,0,0,1,742,1,0,779,1,1988.0
590,8320,2,2004,1,0,2,0,0,1,280,2,0,770,6,2004.0
591,13478,2,2008,1,0,2,0,1,1,384,3,0,1728,6,2008.0
592,6600,3,2003,1,0,3,0,0,1,0,2,0,816,6,1985.0
593,4435,3,2003,1,0,2,0,0,1,163,2,0,848,6,2003.0
594,7990,1,1975,1,0,2,0,0,1,924,1,0,924,1,1981.0
595,11302,3,2006,1,0,2,0,1,1,392,3,0,1826,6,2005.0
596,3600,1,1993,1,0,2,0,0,0,684,1,0,684,1,1930.0
597,3922,3,2007,1,0,2,2,1,1,1258,3,0,1402,1,2006.0
598,12984,3,1977,1,0,2,0,1,1,0,2,0,1647,5,1977.0
599,1950,3,1980,1,0,3,0,1,1,23,2,0,716,2,1980.0
600,10927,3,2005,1,0,2,0,1,1,512,2,0,1058,6,2003.0
601,9000,1,1950,1,0,3,0,1,1,780,1,0,780,1,1979.0
602,10041,3,1992,1,0,2,0,1,1,119,2,0,927,6,1992.0
603,3182,2,2005,1,0,2,0,0,1,600,2,0,600,1,2004.0
604,12803,2,2002,1,0,2,0,1,1,572,2,0,1494,6,2002.0
605,13600,1,1990,1,0,2,0,3,1,314,2,0,1186,4,1965.0
606,12464,1,1996,1,0,3,0,0,1,308,2,0,1040,6,2000.0
607,7800,1,2002,1,0,3,0,0,1,293,1,0,1112,6,1948.0
608,12168,1,1998,1,0,2,0,2,1,537,2,0,1940,4,1934.0
609,7943,1,1961,1,0,1,0,0,1,126,1,0,1029,3,1961.0
610,11050,3,2000,1,0,2,0,2,1,536,3,0,1476,6,2000.0
611,10395,1,1978,1,0,2,1,1,1,427,2,1,1032,5,1978.0
612,11885,2,2001,1,0,2,0,1,1,309,2,0,1299,6,2001.0
613,8402,0,2007,1,0,2,0,0,1,914,0,0,1120,5,0.0
614,1491,0,1972,1,0,2,0,0,1,0,0,0,630,2,0.0
615,8800,2,1963,1,0,3,0,0,1,173,2,0,1054,6,1963.0
616,7861,3,2003,1,0,2,0,1,1,326,2,0,807,6,2002.0
617,7227,1,1954,1,0,2,0,0,1,832,2,0,832,1,1962.0
618,11694,1,2007,1,0,2,0,1,1,1774,3,0,1828,6,2007.0
619,12244,3,2003,1,0,2,0,2,1,611,3,0,1482,6,2003.0
620,8248,0,1950,1,0,2,0,0,0,823,0,0,864,4,0.0
621,10800,2,1997,1,0,2,0,1,1,384,2,1,1548,5,1974.0
622,7064,1,1977,1,0,2,0,0,1,420,2,0,980,4,1986.0
623,2117,1,2000,1,0,2,0,1,1,336,2,0,756,6,2000.0
624,10400,2,1972,1,0,2,0,1,1,485,2,1,1012,3,1972.0
625,10000,1,1962,1,0,2,0,0,1,1116,2,0,1116,1,1962.0
626,12342,2,1978,1,0,2,0,1,1,978,1,0,1422,1,1960.0
627,9600,2,1972,1,0,2,0,2,1,350,1,0,1520,4,1955.0
628,11606,1,1969,1,0,2,1,2,1,390,2,0,1040,3,1969.0
629,9020,2,1964,1,0,2,0,0,1,288,2,0,1350,6,1964.0
630,9000,1,1991,1,0,2,0,0,1,636,1,0,1089,1,1937.0
631,4590,2,2006,1,0,2,0,1,1,1530,2,0,1554,6,2006.0
632,11900,3,1977,1,0,3,0,1,1,564,2,1,1411,5,1977.0
633,9250,1,2005,1,0,2,1,0,1,108,1,0,1056,4,1954.0
634,6979,1,1980,2,0,2,0,0,1,0,2,0,1056,6,1980.0
635,10896,0,1995,2,515,2,0,0,1,1184,0,0,1440,2,0.0
636,6120,0,1950,1,0,1,0,1,0,264,0,0,800,1,0.0
637,6000,1,1954,2,0,2,0,0,1,811,1,0,811,1,1954.0
638,8777,0,1950,1,0,2,0,0,1,796,0,0,796,1,0.0
639,3982,3,2006,1,0,2,0,1,1,366,3,0,1567,6,2006.0
640,12677,2,2004,1,0,2,0,1,1,300,2,0,1518,6,2003.0
641,7050,3,2001,1,0,2,0,1,1,319,2,0,1057,6,2001.0
642,13860,3,1995,1,0,2,0,3,1,542,2,0,2000,6,1972.0
643,10793,3,1969,1,0,2,0,0,1,0,2,1,780,3,1969.0
644,9187,3,2009,1,0,2,0,1,1,645,3,0,1766,6,2009.0
645,10530,1,1971,1,0,2,0,0,1,664,2,0,981,5,1979.0
646,7200,1,1950,1,0,2,0,0,1,0,2,0,1048,0,1950.0
647,10452,2,1953,1,0,2,0,2,1,594,2,0,1094,3,1953.0
648,7700,1,1966,1,0,2,0,1,1,756,2,0,1051,1,1966.0
649,1936,0,1970,1,0,2,0,0,1,0,0,0,630,4,0.0
650,8125,2,2007,1,0,2,0,0,1,813,2,0,822,1,2007.0
651,9084,1,1950,1,0,2,0,1,1,755,1,0,755,1,1940.0
652,8750,2,1996,1,0,2,0,1,1,880,2,0,909,1,1996.0
653,10320,1,1995,1,0,2,0,0,1,756,1,0,756,1,1906.0
654,10437,3,1995,1,0,3,0,1,1,413,3,0,2113,6,1995.0
655,1680,1,1971,1,0,2,0,0,1,525,1,0,525,1,1971.0
656,10007,2,2006,1,0,2,0,0,1,247,1,0,1053,5,1959.0
657,7200,2,2000,1,0,1,0,1,1,776,1,0,851,1,1931.0
658,17503,1,1950,1,0,2,1,1,1,912,1,0,912,1,1948.0
659,9937,3,1999,1,0,3,0,0,1,849,2,0,1486,4,1968.0
660,12384,2,1976,1,0,2,0,1,1,793,2,1,1142,1,1976.0
661,46589,2,2005,1,0,2,0,1,1,88,3,0,1686,6,1994.0
662,13560,2,1968,1,0,2,0,2,1,1392,2,0,1392,1,1968.0
663,10012,2,1972,1,0,2,0,0,1,38,2,0,1181,4,1974.0
664,20896,3,2006,1,0,2,0,1,1,356,3,0,2097,6,2005.0
665,11194,2,2000,1,0,2,0,1,1,1406,2,0,1454,1,2000.0
666,18450,1,1979,1,0,3,0,1,1,111,2,0,1465,2,1965.0
667,8125,2,1998,1,0,2,0,1,1,270,2,0,1679,6,1994.0
668,14175,1,1987,1,0,2,0,1,1,200,2,0,1437,3,1999.0
669,11600,1,1950,1,0,2,0,1,1,700,1,0,1180,1,1922.0
670,8633,3,2005,1,0,2,0,0,1,545,2,0,738,6,2005.0
671,6629,1,1950,1,0,3,0,0,0,121,1,0,697,4,1930.0
672,11250,2,1977,1,0,2,0,1,1,441,2,0,1208,5,1977.0
673,14442,3,2004,1,0,2,0,2,1,291,2,0,1839,6,1957.0
674,9200,2,1965,1,0,2,0,1,1,244,1,0,1136,3,1965.0
675,2289,1,1978,1,0,2,0,1,1,544,2,0,855,5,1978.0
676,9600,1,1950,2,0,2,0,0,0,1095,3,0,1095,1,1920.0
677,9022,1,2006,1,0,2,0,0,1,768,1,0,792,1,1924.0
678,11844,3,2008,1,0,2,0,1,1,2046,3,0,2046,1,2008.0
679,9945,1,1961,1,0,2,0,0,1,161,2,0,988,3,1963.0
680,8012,2,1980,1,0,2,0,1,1,261,1,0,923,4,1980.0
681,4500,1,2000,1,0,2,0,0,1,611,1,0,848,3,1968.0
682,2887,1,1997,1,0,2,0,1,1,288,2,0,1291,6,1996.0
683,11248,3,2002,1,0,2,0,1,1,567,3,0,1668,6,2002.0
684,16770,3,1998,1,0,2,0,0,1,1195,2,0,1195,1,1998.0
685,5062,3,1984,1,0,2,0,1,1,180,2,0,1190,6,1984.0
686,10207,3,2007,1,0,2,0,0,1,874,2,0,874,1,2007.0
687,5105,1,2004,1,0,2,0,0,1,312,2,0,551,6,2004.0
688,8089,2,2007,1,0,2,0,1,1,474,2,0,1419,6,2007.0
689,7577,2,2006,1,0,2,0,1,1,1342,2,0,1362,5,2005.0
690,4426,2,2004,1,0,2,0,1,1,151,2,0,848,6,2004.0
691,21535,3,1995,1,0,2,1,2,1,989,3,0,2444,6,1994.0
692,26178,2,1990,1,0,2,0,2,1,245,2,0,1238,6,1989.0
693,5400,1,1968,1,0,2,0,0,1,1073,1,0,1073,1,1968.0
694,6120,1,1950,1,0,1,0,0,1,927,2,0,1067,1,1995.0
695,13811,1,1987,1,0,2,0,1,1,92,2,0,1137,6,1987.0
696,6000,1,1950,1,0,2,0,0,1,0,1,0,616,2,1921.0
697,6420,1,1952,1,0,2,1,0,1,219,1,0,1148,2,1952.0
698,8450,1,2009,1,0,3,0,1,1,224,1,0,894,6,1973.0
699,4282,2,2004,1,0,2,0,0,1,1375,2,0,1391,6,2004.0
700,14331,3,2002,1,0,2,0,1,1,526,3,0,1800,6,2002.0
701,9600,1,1969,1,0,2,0,0,1,1164,2,1,1164,1,1969.0
702,12438,3,2006,1,0,2,0,1,1,1234,3,0,1264,1,2006.0
703,7630,1,1996,2,0,3,0,1,1,360,2,0,1032,1,1999.0
704,8400,2,2005,1,0,2,0,0,1,761,2,0,1484,6,2004.0
705,5600,0,1950,2,0,1,0,0,0,0,0,0,372,0,0.0
706,115149,1,2002,1,0,2,0,2,1,424,2,0,1824,6,1971.0
707,6240,3,2006,1,0,2,0,1,1,461,2,0,1324,6,2006.0
708,9018,3,2007,1,0,2,0,1,1,728,2,0,728,1,2007.0
709,7162,1,1966,1,0,2,0,0,1,876,1,0,904,1,1966.0
710,4130,0,2003,1,0,2,0,0,1,270,0,0,729,1,0.0
711,8712,2,1950,1,0,2,0,0,1,859,1,0,859,1,1964.0
712,4671,3,1989,1,0,2,0,1,1,461,2,0,1228,6,1988.0
713,9873,1,1970,1,0,2,0,0,0,171,2,0,960,5,1970.0
714,13517,2,2005,1,0,2,0,0,1,192,2,0,725,6,1976.0
715,10140,2,1974,1,0,2,0,1,1,1064,2,1,1350,1,1974.0
716,10800,1,1998,1,0,3,0,0,1,718,2,0,1576,1,1996.0
717,10000,1,2000,1,0,2,1,1,1,92,2,1,1178,4,1973.0
718,10542,2,1994,1,0,2,0,1,1,138,3,0,1325,6,1993.0
719,9920,1,1969,1,0,2,0,1,1,448,1,0,971,5,1969.0
720,6563,2,1985,1,0,2,0,1,1,594,2,0,1742,6,1985.0
721,4426,2,2004,1,0,2,0,0,1,186,2,0,848,6,2004.0
722,8120,1,1970,1,0,3,0,0,1,673,2,0,864,5,1994.0
723,8172,1,1972,1,0,2,0,0,1,941,1,0,997,1,1958.0
724,13286,3,2008,1,0,2,0,1,1,464,3,0,1698,6,2007.0
725,6960,1,1970,1,0,2,0,0,1,250,2,0,864,5,1989.0
726,21695,3,2007,1,0,3,0,1,1,72,2,0,1680,6,1988.0
727,7314,2,2007,1,0,2,0,0,1,508,2,0,1232,6,2007.0
728,11475,1,1958,2,0,2,0,0,1,1584,3,0,1776,1,1968.0
729,6240,1,1950,1,360,2,0,0,1,628,2,0,848,4,1962.0
730,5389,2,1996,1,0,2,0,1,1,415,2,0,1616,6,1995.0
731,9590,3,2003,1,0,2,0,1,1,82,2,0,1146,6,2003.0
732,11404,3,1999,1,0,2,0,1,1,901,2,0,1153,5,1998.0
733,10000,2,1983,1,0,2,0,1,1,270,1,0,1144,4,1961.0
734,8978,1,1968,1,0,2,0,0,1,948,1,0,948,1,1968.0
735,10800,1,1970,1,0,2,0,2,0,490,2,0,880,3,1914.0
736,8544,1,1950,2,0,2,0,0,0,0,2,0,1040,0,1949.0
737,10463,3,2005,1,0,2,0,1,1,893,3,0,901,1,2005.0
738,10800,0,1988,1,0,2,0,0,1,0,0,0,1200,6,0.0
739,9313,2,2004,1,0,2,0,0,1,864,2,0,864,1,2004.0
740,9600,1,2002,1,0,3,0,0,1,264,2,0,768,1,1910.0
741,6768,1,1996,1,0,3,1,0,1,80,1,0,912,6,1962.0
742,8450,1,2001,1,0,2,0,0,1,1349,2,0,1349,1,2000.0
743,12886,2,1999,1,0,2,1,1,1,76,2,0,1464,5,1997.0
744,5395,2,1993,1,0,2,0,1,1,604,2,0,1337,6,1993.0
745,8963,3,1996,1,0,3,1,2,1,487,2,1,1175,6,1994.0
746,8795,3,2000,1,0,2,0,1,1,652,2,0,980,6,2000.0
747,11700,1,2003,1,0,2,0,1,0,1240,4,0,1320,1,1950.0
748,10593,3,1996,1,0,2,0,1,1,801,2,0,1720,6,1996.0
749,8405,1,1950,1,0,2,0,0,0,0,1,0,1088,0,1945.0
750,8800,0,2004,1,0,2,0,0,1,576,0,0,792,1,0.0
751,7750,3,2003,1,0,2,0,0,1,660,2,0,660,1,2003.0
752,9236,2,1997,1,0,3,0,0,1,279,2,0,1494,6,1997.0
753,10240,2,2005,1,0,2,0,1,1,1030,3,0,1038,1,2005.0
754,7930,2,2005,1,0,2,0,0,1,115,2,0,1026,6,1969.0
755,3230,1,1999,1,0,2,0,0,1,348,2,0,742,6,1999.0
756,10769,2,2007,1,0,2,0,0,1,846,2,0,866,6,2007.0
757,11616,3,1978,1,0,2,0,1,1,234,2,0,672,3,1978.0
758,2280,1,1999,1,0,2,0,0,1,195,2,0,757,5,1999.0
759,12257,2,1995,1,0,2,0,1,1,1198,3,0,1328,2,1995.0
760,9100,1,1959,1,0,2,0,0,1,252,1,0,864,3,2008.0
761,6911,1,1950,1,0,2,0,0,1,740,2,0,1301,2,1965.0
762,8640,1,2009,1,0,2,0,0,1,732,2,0,764,6,2009.0
763,9430,2,1999,1,0,2,0,1,1,89,3,0,1268,6,1999.0
764,9549,3,1996,1,0,3,0,1,1,0,2,0,1494,2,1995.0
765,14587,3,2008,1,0,2,0,1,1,1498,2,0,1506,1,2008.0
766,10421,1,1988,1,0,2,0,1,1,586,2,1,980,6,1988.0
767,12508,1,1985,1,0,2,0,0,1,323,1,0,983,5,1989.0
768,9100,3,2005,1,0,2,0,1,1,1836,2,0,1836,6,2004.0
769,53504,3,2003,1,0,2,0,1,1,234,3,0,1690,5,2003.0
770,7252,1,1982,1,0,2,0,0,1,173,2,0,858,6,1983.0
771,8877,1,1951,1,0,2,0,0,1,0,2,0,1220,2,1951.0
772,7819,1,1976,1,0,2,0,1,1,480,2,0,1117,5,1976.0
773,10150,2,1958,1,0,2,0,0,1,456,1,0,912,3,1958.0
774,14226,3,2006,1,0,2,0,1,1,1935,3,0,1973,1,2006.0
775,4500,3,1998,1,0,2,0,0,1,338,2,0,1204,6,1998.0
776,11210,2,2006,1,0,2,0,0,1,1594,3,0,1614,6,2005.0
777,13350,1,1974,1,0,2,0,1,1,102,2,0,894,5,1974.0
778,8400,1,1977,2,0,2,0,2,1,0,2,0,2020,0,1977.0
779,10530,1,1977,1,0,2,0,0,1,0,2,0,1004,6,1977.0
780,7875,3,1996,1,0,2,0,1,1,1237,2,0,1253,1,1995.0
781,7153,2,1992,1,0,3,0,0,1,374,2,0,810,5,1992.0
782,16285,2,2002,1,0,2,0,0,1,1413,2,0,1430,1,2001.0
783,9101,3,1978,1,0,3,0,1,1,0,2,0,1110,6,1978.0
784,6300,0,2001,1,0,2,0,1,1,742,0,0,742,1,0.0
785,9790,1,1967,1,0,2,0,1,1,491,2,1,1342,3,1967.0
786,10800,1,1950,1,0,3,0,0,1,0,1,0,966,2,1961.0
787,10142,2,2004,1,0,2,0,0,1,300,2,0,956,6,2004.0
788,6000,1,2000,1,0,2,0,0,1,901,1,0,901,1,1954.0
789,12205,3,2007,1,0,2,0,0,1,264,2,0,976,2,1966.0
790,3182,3,2006,1,0,2,0,1,1,1129,2,0,1145,6,2005.0
791,11333,2,1976,1,0,2,0,2,1,490,2,0,1062,5,1976.0
792,9920,1,1997,1,0,2,0,1,1,255,2,0,1127,6,1997.0
793,9158,3,2007,1,0,2,0,0,1,1496,2,0,1496,1,2007.0
794,10832,3,1996,1,0,2,0,1,1,712,2,0,1086,1,1994.0
795,8400,1,1981,1,0,2,0,1,1,650,2,0,888,1,1980.0
796,8197,2,1977,1,0,2,0,1,1,660,2,0,1285,1,1977.0
797,7677,1,1953,1,0,2,0,0,1,203,1,0,773,4,1953.0
798,13518,3,2009,1,0,2,0,2,1,1926,3,0,1966,1,2009.0
799,7200,1,1950,1,0,2,0,2,1,162,1,0,981,5,1939.0
800,12798,2,1997,1,0,2,0,0,1,154,2,0,616,6,1997.0
801,4800,1,1990,1,0,2,0,0,1,999,2,0,1196,2,1957.0
802,8199,3,2005,1,0,2,0,1,1,80,2,0,728,6,2005.0
803,13891,2,2009,1,0,2,0,1,1,1734,3,0,1734,1,2009.0
804,9000,1,1954,1,0,2,0,0,1,124,1,0,1128,2,1954.0
805,12274,2,2008,1,0,2,0,0,1,1417,2,0,1428,1,2008.0
806,9750,3,1967,1,0,2,0,0,1,100,1,0,980,5,1967.0
807,21384,2,2004,1,0,2,0,1,1,15,2,0,1072,6,1923.0
808,13400,2,1966,1,0,2,0,1,1,380,2,0,1086,5,1966.0
809,8100,1,1965,3,0,2,0,0,0,849,2,0,1075,1,1910.0
810,10140,2,1999,1,0,2,0,1,1,0,2,1,1309,5,1974.0
811,4438,3,2004,1,0,2,0,1,1,186,2,0,848,6,2004.0
812,8712,1,1952,1,0,2,0,0,0,540,2,0,1044,1,1952.0
813,9750,2,1958,1,0,2,0,0,1,834,1,0,1442,3,1958.0
814,8248,1,1950,1,0,2,1,0,1,686,1,0,686,1,1955.0
815,12137,2,1998,1,0,2,0,0,1,1649,2,0,1661,1,1998.0
816,11425,2,1954,1,0,2,0,1,1,522,1,0,1008,4,1954.0
817,13265,2,2002,1,0,2,0,2,1,350,3,0,1689,6,2002.0
818,8816,1,1971,1,0,2,0,0,1,506,2,0,1052,6,1971.0
819,6371,2,2010,1,0,2,0,1,1,625,2,0,1358,6,2010.0
820,7226,2,2003,1,0,2,0,0,1,798,2,0,798,1,2003.0
821,6000,1,1953,1,0,2,0,0,0,936,2,0,936,1,1974.0
822,12394,3,2003,1,0,2,0,1,1,847,2,0,847,1,2003.0
823,9900,1,1950,1,0,2,0,1,1,778,1,0,944,1,1940.0
824,11216,2,2006,1,0,2,0,1,1,1489,2,0,1489,1,2006.0
825,14803,3,2008,1,0,2,0,1,1,442,3,0,2084,6,2007.0
826,6130,0,1950,1,0,2,0,0,1,0,0,0,784,5,0.0
827,8529,2,2001,1,0,2,0,1,1,1434,2,0,1434,6,2001.0
828,28698,3,1967,1,0,2,1,0,1,0,2,0,1160,2,1967.0
829,2544,2,2005,1,80,2,0,0,1,600,2,0,520,1,2005.0
830,11900,2,1957,1,0,2,0,2,1,352,2,0,1392,3,1957.0
831,3180,2,2005,1,80,2,0,0,1,600,2,0,520,1,2005.0
832,9548,2,2003,1,0,2,0,1,1,458,2,0,941,6,2003.0
833,10004,2,1964,1,0,2,0,0,1,975,2,0,1516,3,1964.0
834,7875,1,1961,1,0,2,0,0,1,572,2,0,1144,3,1961.0
835,9600,1,1995,1,0,2,0,0,1,625,2,0,1067,4,1996.0
836,8100,1,1973,1,0,2,0,0,1,1221,2,0,1559,3,1948.0
837,1680,1,1973,1,0,2,0,0,1,153,1,0,483,4,1973.0
838,9525,1,2006,1,0,2,0,0,1,1099,1,0,1099,1,1999.0
839,11767,1,1995,1,0,2,0,0,1,416,1,0,768,4,1946.0
840,12155,1,1950,1,0,2,0,0,0,516,1,0,810,4,1934.0
841,10440,1,2002,1,0,2,0,1,1,650,2,0,958,1,1983.0
842,9020,2,1966,1,0,2,0,0,1,276,2,0,1165,3,1966.0
843,8000,0,1961,2,0,2,0,0,0,1800,0,0,1800,1,0.0
844,12665,1,1950,1,0,2,0,1,1,876,3,0,876,1,1949.0
845,16647,3,1981,1,0,2,0,2,1,0,2,0,1701,5,1975.0
846,9317,1,1993,1,0,2,0,1,1,227,2,0,1006,5,1993.0
847,15523,1,1972,1,0,2,0,1,1,404,1,0,864,4,1972.0
848,45600,1,1997,1,0,2,0,1,1,907,2,0,1307,1,1908.0
849,9600,2,1994,1,0,3,0,1,1,528,2,0,1094,1,1976.0
850,4435,3,2003,1,0,2,0,0,1,189,2,0,848,6,2003.0
851,3196,3,2003,1,0,2,0,1,1,1273,2,0,1456,1,2003.0
852,7128,1,1950,1,0,3,0,2,1,554,1,0,918,3,1941.0
853,12095,2,1964,1,0,3,0,1,1,563,2,0,1445,3,1964.0
854,17920,1,1974,1,0,2,0,1,1,372,2,0,1779,5,1955.0
855,6897,1,2010,1,0,3,0,0,1,381,1,0,1040,5,1962.0
856,10970,1,1978,1,0,2,0,0,1,0,2,0,1026,6,1981.0
857,8125,3,1995,1,0,2,0,1,1,702,2,0,702,1,1994.0
858,10400,2,1976,1,0,2,0,1,1,1090,2,1,1370,1,1976.0
859,11029,1,1984,1,0,2,0,1,1,435,2,1,1512,4,1968.0
860,7642,1,1998,1,0,2,0,1,1,912,1,0,912,1,1925.0
861,11625,1,1965,1,0,2,0,0,1,198,2,0,1039,4,1965.0
862,9672,1,1985,1,0,2,0,0,1,702,2,0,1097,6,1986.0
863,7931,1,1959,1,0,2,0,0,1,0,1,0,1148,4,1959.0
864,8640,3,2008,1,0,2,0,0,1,1372,2,0,1372,1,2008.0
865,8750,1,1970,1,0,2,0,0,1,174,2,0,1002,4,1973.0
866,10656,2,2007,1,0,2,0,1,1,1638,3,0,1646,1,2007.0
867,6970,2,1961,1,0,2,0,0,1,108,2,0,1120,5,1961.0
868,14762,1,1950,1,53,2,0,1,1,0,2,0,1547,0,1979.0
869,9938,3,1994,1,0,2,0,1,1,300,2,0,1062,6,1993.0
870,6600,1,1962,1,0,2,0,0,0,894,1,0,894,1,1962.0
871,8750,2,1998,1,0,2,0,0,1,299,2,0,804,6,1998.0
872,8892,1,1996,1,0,2,0,0,1,105,2,0,910,1,1953.0
873,12144,1,1950,1,232,2,0,1,1,457,1,0,1036,3,1949.0
874,5720,1,1950,1,0,2,0,0,1,676,1,0,676,1,1941.0
875,9000,3,2007,1,0,2,0,1,1,1120,2,0,1184,6,2007.0
876,25286,1,1963,1,0,2,0,0,1,431,2,0,1040,5,1963.0
877,8834,3,2005,1,0,2,0,1,1,292,3,0,1462,6,2004.0
878,11782,1,1995,1,0,2,0,0,1,210,2,0,1155,5,1987.0
879,7000,1,2005,1,0,3,0,0,1,218,1,0,864,5,1978.0
880,7024,3,2006,1,0,2,0,0,1,110,2,0,1090,5,2005.0
881,13758,2,1991,1,0,3,0,1,1,254,2,0,1187,2,1990.0
882,9636,2,1993,1,0,2,0,1,1,808,2,0,808,1,1993.0
883,6204,1,1950,1,481,2,0,0,0,795,1,0,954,1,1997.0
884,7150,2,1967,1,0,2,0,0,1,460,1,0,892,4,1967.0
885,5119,3,2000,1,0,2,0,1,1,460,2,0,1709,6,1999.0
886,8393,3,2005,2,0,2,0,0,1,1098,2,0,1712,2,2005.0
887,16466,1,1955,1,0,3,0,0,1,816,1,0,872,1,1955.0
888,15865,1,1970,1,0,3,0,1,1,1043,2,0,2217,5,1970.0
889,12160,2,1953,1,0,2,0,1,1,481,2,0,1505,4,1953.0
890,8064,1,2006,1,0,3,0,1,1,672,2,0,672,1,2003.0
891,11184,2,1978,1,0,2,0,1,1,192,2,0,918,2,1978.0
892,8414,2,2003,1,0,2,1,0,1,396,1,0,1068,6,1963.0
893,13284,1,1954,1,0,2,0,1,1,319,1,0,1383,4,1954.0
894,7018,1,1979,2,0,2,0,0,1,0,2,0,1535,0,1979.0
895,7056,2,1963,1,0,2,0,1,1,380,2,0,983,4,1963.0
896,8765,1,1950,1,0,2,0,0,0,666,1,0,951,5,1936.0
897,7018,1,1979,2,0,2,0,0,1,0,2,0,1120,0,1979.0
898,12919,3,2010,1,0,2,0,2,1,142,3,0,2364,6,2009.0
899,6993,1,1994,1,0,2,0,1,1,447,1,0,1236,4,1961.0
900,7340,1,1971,1,0,2,0,0,1,536,1,0,858,5,1979.0
901,8712,1,2000,1,0,3,0,0,1,132,1,0,1306,4,1968.0
902,7875,3,2003,1,0,2,0,1,1,783,2,0,807,1,2003.0
903,14859,2,2006,1,0,2,0,1,1,1670,3,0,1670,1,2006.0
904,6173,1,1967,1,0,2,0,0,1,277,1,0,902,6,1967.0
905,9920,2,1954,1,0,2,0,0,1,412,1,0,1063,3,1954.0
906,13501,2,2006,1,0,2,0,1,1,1560,3,0,1636,6,2006.0
907,11500,3,1987,1,0,2,0,1,1,794,1,0,1020,3,1936.0
908,8885,1,1983,1,0,2,0,0,1,239,2,0,902,4,1983.0
909,12589,3,2005,1,0,2,0,1,1,742,2,0,742,1,2005.0
910,11600,1,1960,2,0,2,0,0,1,662,2,0,1105,3,1960.0
911,9286,1,1989,1,0,2,0,0,1,1072,1,0,1268,5,1978.0
912,6120,1,1950,1,0,2,0,0,0,279,1,0,1015,3,1925.0
913,6270,1,1950,2,0,2,0,0,0,717,3,0,1001,4,1949.0
914,3000,2,2009,1,0,2,0,0,1,318,2,0,612,6,2009.0
915,2001,1,1970,1,0,2,0,0,1,546,1,0,546,1,1970.0
916,9000,1,1950,1,0,2,0,0,0,430,1,0,480,4,1958.0
917,17140,2,1956,1,0,2,0,0,1,75,1,0,1229,5,1956.0
918,13125,2,1991,1,0,2,0,1,1,422,3,0,912,4,1991.0
919,11029,1,2002,1,0,2,0,1,1,245,2,0,1414,5,1990.0
920,8462,2,1994,1,0,3,1,0,1,114,2,0,936,6,1994.0
921,8777,0,2003,2,0,2,0,0,1,188,0,0,1272,5,0.0
922,10237,3,2006,1,0,2,0,1,1,1288,2,0,1316,6,2005.0
923,8012,2,1994,1,0,2,0,1,1,598,2,0,1617,2,1993.0
924,10240,1,1980,1,0,3,0,1,1,0,2,1,1686,4,1980.0
925,15611,2,1977,1,0,2,1,0,1,266,2,1,1126,5,1977.0
926,11999,3,2004,1,0,2,0,1,1,1181,3,0,1234,1,2003.0
927,9900,2,1968,1,0,2,0,1,1,280,2,1,1098,4,1968.0
928,11838,2,2001,1,0,2,0,1,1,1753,2,0,1788,1,2001.0
929,13006,3,1997,1,0,2,0,1,1,964,2,0,993,1,1997.0
930,8925,3,2007,1,0,2,0,0,1,1450,3,0,1466,6,2007.0
931,9100,1,1965,1,0,2,1,0,1,121,1,0,925,4,1965.0
932,11670,3,2006,1,0,2,0,1,1,1905,3,0,1905,1,2006.0
933,8487,2,2004,1,0,2,0,0,1,1480,2,0,1500,6,2004.0
934,27650,2,2007,1,0,2,0,1,1,160,2,0,2069,6,1960.0
935,5825,1,1953,1,0,3,0,0,1,600,2,0,747,1,1953.0
936,10083,2,2003,1,0,2,0,0,1,343,2,0,1200,6,2003.0
937,9675,2,2005,1,0,2,0,1,1,772,2,0,1113,6,2005.0
938,8760,2,2006,1,0,2,0,0,1,927,3,0,1391,6,2006.0
939,24090,1,1950,1,0,3,0,2,1,1032,1,0,1207,1,1940.0
940,12640,1,1976,2,0,2,0,0,1,396,2,0,1728,3,1976.0
941,8755,2,1999,1,0,2,0,1,1,220,2,0,1022,5,1999.0
942,7711,0,1977,2,0,2,0,0,1,0,0,0,1440,6,0.0
943,25000,1,1967,2,0,2,0,0,1,1632,2,0,1632,1,1967.0
944,14375,2,1958,1,0,2,1,1,1,354,2,0,1344,6,1958.0
945,8820,1,1996,1,120,2,0,0,1,0,2,0,1188,2,1963.0
946,8163,2,1959,1,0,3,0,1,1,102,1,0,1144,5,1959.0
947,14536,3,2003,1,0,2,0,1,1,316,3,0,1629,6,2002.0
948,14006,2,2002,1,0,2,0,1,1,936,2,0,936,1,2002.0
949,9360,2,2006,1,0,2,0,1,1,179,2,1,1381,5,1972.0
950,7200,2,2002,1,0,2,0,0,1,317,2,0,864,5,1980.0
951,7800,1,1965,1,0,2,0,0,1,187,1,0,965,4,1979.0
952,7200,3,2003,1,0,3,1,0,1,108,1,0,768,6,1974.0
953,11075,2,1969,1,0,2,1,1,1,29,2,0,1168,5,1969.0
954,9400,0,1975,0,0,2,2,0,1,0,0,0,980,6,0.0
955,7136,1,1950,2,0,2,0,0,0,495,2,0,979,3,1946.0
956,1300,3,1980,1,0,2,0,1,1,276,2,0,561,5,1980.0
957,7420,3,1962,1,0,2,0,0,1,640,2,0,1057,3,1977.0
958,8450,2,2003,1,0,2,0,0,1,638,2,0,1337,6,2003.0
959,2572,1,1999,1,0,2,0,0,1,92,2,0,696,5,1999.0
960,7207,0,2008,1,0,3,0,0,1,162,0,0,858,4,0.0
961,12227,3,1995,1,0,3,0,1,1,434,2,1,1542,5,1977.0
962,2308,1,1976,1,0,2,0,1,1,248,2,0,804,5,1976.0
963,11923,3,2007,1,0,2,0,0,1,1800,2,0,1800,1,2007.0
964,11316,3,2003,1,0,2,0,1,1,193,2,0,824,6,2002.0
965,10237,3,2007,1,0,2,0,1,1,783,2,0,783,1,2005.0
966,9600,1,1950,1,0,3,0,2,1,300,1,0,976,3,1940.0
967,7390,1,1955,1,0,2,0,0,1,196,1,0,1098,5,1955.0
968,5925,0,1950,1,0,2,0,0,0,600,0,0,600,1,0.0
969,10382,2,1958,1,0,1,0,0,1,75,1,0,1095,5,1958.0
970,10800,0,1950,1,0,2,0,0,0,720,0,0,720,1,0.0
971,2268,2,2004,1,0,2,0,0,1,197,2,0,764,6,2003.0
972,7892,1,1979,1,0,2,0,1,1,918,1,0,918,1,1979.0
973,11639,3,2008,1,0,2,0,0,1,1428,2,0,1428,1,2007.0
974,11414,1,1993,1,0,3,0,0,0,728,2,0,1136,1,1997.0
975,2651,1,2000,1,0,2,0,0,1,32,2,0,673,6,2000.0
976,5900,0,1958,1,0,2,0,0,1,440,0,0,869,1,0.0
977,4274,3,2007,1,0,2,0,0,1,135,2,0,1241,6,2007.0
978,9450,1,1954,1,0,2,0,0,1,342,2,0,894,2,1999.0
979,8816,1,1963,1,0,2,0,0,1,470,2,0,1121,3,1963.0
980,12122,2,2007,1,0,2,0,0,1,77,2,0,999,5,1961.0
981,12203,3,1999,1,0,2,0,1,1,371,3,0,1276,6,1998.0
982,3182,3,2007,1,0,2,0,1,1,1266,2,0,1266,1,2007.0
983,11250,1,2002,1,0,2,0,1,1,1128,2,0,1149,1,2002.0
984,10125,1,1977,2,0,2,0,0,1,0,2,0,1302,0,1977.0
985,10880,1,1950,1,0,2,0,0,0,124,1,0,1164,5,1950.0
986,5310,1,2003,1,0,3,0,0,1,485,1,0,1001,1,1950.0
987,10159,3,2010,1,0,2,0,1,1,284,3,0,1940,6,2010.0
988,12046,3,1976,1,0,2,0,1,1,692,2,1,1118,2,1976.0
989,8125,2,2006,1,0,2,0,0,1,770,2,0,778,1,2006.0
990,9452,3,1998,1,0,2,0,1,1,322,3,0,1407,6,1997.0
991,17671,1,1986,1,0,3,0,1,1,700,2,0,916,4,1925.0
992,9760,2,1993,1,0,2,0,1,1,169,2,0,1020,4,1964.0
993,8846,2,2006,1,0,2,0,0,1,750,2,0,750,1,2005.0
994,12456,3,2007,1,0,2,0,1,1,528,3,0,1718,6,2008.0
995,4712,1,1950,1,0,2,0,0,1,363,1,0,774,5,1946.0
996,10659,1,1961,1,0,2,0,0,1,135,1,0,1050,3,1961.0
997,11717,2,1970,1,0,2,0,1,1,1442,2,1,1442,1,1970.0
998,9786,1,1950,1,0,2,0,1,0,1007,1,0,1077,1,1922.0
999,6762,2,2006,1,0,2,0,0,1,501,2,0,1208,6,2006.0
1000,10206,1,1952,1,0,2,0,0,0,0,2,0,944,0,1956.0
1001,5400,1,1950,1,0,2,0,0,1,691,1,0,691,1,1920.0
1002,11957,2,2006,1,0,2,0,1,1,1550,3,0,1574,6,2006.0
1003,11500,1,1976,2,0,2,0,0,1,1680,2,1,1680,1,1976.0
1004,3182,3,2006,1,0,2,0,1,1,1330,2,0,1504,6,2005.0
1005,8385,1,1977,1,0,2,0,0,1,390,1,0,985,6,1977.0
1006,12155,1,1970,1,0,2,1,1,1,420,2,0,1657,2,1970.0
1007,2217,2,1970,1,0,2,0,0,1,0,1,0,546,4,1970.0
1008,12118,3,2005,1,0,2,0,1,1,1710,2,0,1710,1,2004.0
1009,6000,0,1950,1,514,1,0,0,1,1008,0,0,1008,1,0.0
1010,21286,1,1950,1,0,2,0,1,1,720,1,0,720,1,1948.0
1011,9825,0,1965,2,0,2,0,0,0,0,0,0,1664,0,0.0
1012,10592,1,1996,1,0,3,0,2,1,602,1,0,900,1,1923.0
1013,7200,1,2006,1,0,2,0,0,0,310,1,0,1022,5,1956.0
1014,11664,1,1950,1,0,2,0,1,1,746,1,0,1082,4,1948.0
1015,8400,3,2001,1,0,2,0,0,1,167,2,1,810,6,2001.0
1016,11883,3,1996,1,0,2,0,1,1,814,2,0,1504,6,1996.0
1017,5814,2,1984,1,0,2,0,1,1,184,2,0,1360,6,1984.0
1018,10784,2,1992,1,0,2,0,1,1,384,2,0,802,1,1991.0
1019,3013,3,2005,1,0,2,0,1,1,1346,2,0,1506,6,2005.0
1020,7024,3,2005,1,0,2,0,0,1,108,2,0,1132,6,2005.0
1021,7406,2,2006,1,0,2,0,0,1,515,2,0,1220,6,2006.0
1022,9439,1,1950,1,0,2,0,0,1,588,1,0,912,2,1957.0
1023,3182,3,2006,1,0,2,0,1,1,1330,2,0,1504,6,2005.0
1024,15498,3,1976,1,0,2,0,1,1,0,2,0,2898,5,1976.0
1025,7700,1,1972,1,0,2,0,0,1,276,2,0,882,2,1980.0
1026,9300,1,1960,1,0,2,0,2,1,571,2,0,1264,3,1960.0
1027,9520,2,2008,1,0,2,0,1,1,125,3,0,1646,6,2008.0
1028,9492,1,1950,1,0,2,0,1,1,359,1,0,968,3,1941.0
1029,1680,1,1972,1,0,2,1,0,1,355,1,0,672,4,1972.0
1030,7082,0,1995,2,0,2,0,0,1,686,0,0,948,1,0.0
1031,15863,3,1970,1,397,2,0,2,1,301,2,0,1687,6,1970.0
1032,14541,2,1993,1,0,3,0,1,1,326,3,0,1352,6,1993.0
1033,8125,1,2002,1,0,2,0,0,1,668,3,0,1654,6,2002.0
1034,6305,1,1950,1,0,3,0,1,1,920,1,0,954,1,1938.0
1035,11500,1,1957,1,0,3,0,0,0,0,1,0,845,0,1957.0
1036,12898,3,2008,1,0,2,0,1,1,598,3,0,1620,6,2008.0
1037,9240,3,2002,1,0,2,0,1,1,1055,2,0,1055,1,2001.0
1038,1533,0,2008,1,0,2,0,1,1,546,0,0,798,1,0.0
1039,1477,1,1970,1,0,2,0,0,1,121,1,0,630,6,1970.0
1040,13125,2,2000,1,0,2,0,1,1,284,2,0,1803,3,1957.0
1041,9130,1,2000,1,0,2,1,0,1,336,2,1,800,6,1966.0
1042,5381,2,2005,1,0,2,0,1,1,406,2,0,1306,5,2005.0
1043,11839,1,1990,1,0,2,0,1,1,390,2,0,1532,6,1990.0
1044,9600,3,1981,1,0,2,0,1,1,1420,2,1,2524,5,1981.0
1045,13680,1,1955,1,0,2,0,1,1,0,2,0,1733,0,1955.0
1046,16056,3,2006,1,0,2,0,1,1,1752,3,0,1992,6,2005.0
1047,9245,1,1995,1,0,2,1,0,1,304,2,0,990,6,1996.0
1048,21750,1,2006,1,0,1,0,1,1,0,2,0,1771,0,1960.0
1049,11100,1,2006,1,0,2,0,0,1,0,1,0,930,0,1946.0
1050,8993,3,2007,1,0,2,0,0,1,1302,2,0,1302,1,2007.0
1051,11175,3,2007,1,0,2,0,1,1,1316,2,0,1316,1,2007.0
1052,9500,2,1978,1,0,2,1,1,1,374,2,0,1127,3,1964.0
1053,8562,1,2002,1,0,2,0,1,1,833,1,0,1526,3,1957.0
1054,11367,3,2002,1,0,2,0,1,1,133,2,0,1091,6,2002.0
1055,11361,3,1976,1,0,2,1,1,1,549,2,1,1523,5,1976.0
1056,7052,2,2005,1,0,2,0,1,1,705,2,0,1364,6,2005.0
1057,29959,3,1994,1,0,2,0,1,1,378,2,0,979,6,1994.0
1058,11308,3,2008,1,0,2,0,1,1,168,3,0,1130,6,2008.0
1059,11275,1,1950,1,0,2,0,1,1,0,2,0,1096,3,1977.0
1060,4920,3,2001,1,0,2,0,0,1,722,2,0,1338,6,2001.0
1061,18000,2,1950,1,0,2,0,0,1,894,3,0,894,1,1994.0
1062,13600,1,1950,2,0,2,0,0,0,662,2,0,1422,1,1945.0
1063,6000,1,1980,1,0,3,0,1,1,706,2,0,1103,4,1976.0
1064,11000,2,1966,1,0,2,0,1,1,184,2,0,1154,4,1966.0
1065,14000,2,1997,1,0,2,0,0,1,105,2,0,1306,6,1996.0
1066,7837,2,1994,1,0,2,0,1,1,799,2,0,799,1,1993.0
1067,9760,2,1964,1,0,2,0,0,1,0,2,0,798,6,1964.0
1068,3964,3,1973,1,0,2,0,1,1,105,2,0,1291,5,1973.0
1069,9600,1,2003,1,0,2,1,0,1,625,2,0,893,5,1985.0
1070,10152,1,1956,1,0,2,0,0,1,462,1,0,1048,4,1956.0
1071,11700,1,1968,1,0,2,0,0,1,429,2,1,829,3,1968.0
1072,7585,1,1950,1,0,2,1,1,1,810,1,0,1002,1,1954.0
1073,7950,3,1977,1,0,2,0,0,1,155,2,0,698,4,1977.0
1074,8556,2,2006,1,0,2,0,0,1,1240,3,0,1240,1,2006.0
1075,13125,1,1984,1,0,2,0,2,1,390,1,0,960,4,1940.0
1076,10800,1,1989,1,0,2,1,1,1,170,2,0,1096,5,1950.0
1077,15870,3,1969,1,0,2,0,0,1,230,1,0,1096,4,1969.0
1078,4435,2,2004,1,0,2,0,1,1,186,2,0,848,6,2004.0
1079,8775,1,1994,1,0,2,0,0,1,495,1,0,990,6,1996.0
1080,11040,2,2004,1,0,3,1,0,1,602,2,1,1258,5,1971.0
1081,7500,3,1963,1,0,2,0,0,1,216,1,0,1040,5,1963.0
1082,8749,2,2002,1,0,2,0,1,1,1459,2,0,1459,1,2002.0
1083,8800,2,1964,1,0,2,0,2,1,698,1,0,1251,4,1964.0
1084,13031,3,1996,1,0,2,0,1,1,99,2,0,691,5,1995.0
1085,9069,1,1992,1,0,2,0,0,1,189,2,0,996,6,1992.0
1086,1974,2,1973,1,0,2,0,0,1,212,1,0,546,4,1973.0
1087,10574,2,2006,1,0,2,0,1,1,1082,3,0,1082,1,2005.0
1088,2522,1,2004,1,0,2,0,0,1,970,2,0,970,1,2004.0
1089,3316,3,2005,1,0,2,0,1,1,208,2,0,1247,6,2005.0
1090,8544,1,1950,2,0,2,0,0,0,0,2,0,1040,0,1987.0
1091,2160,1,2000,1,0,2,0,0,1,90,2,0,624,4,1999.0
1092,8400,1,1950,1,0,2,0,1,1,758,2,0,1390,3,1925.0
1093,9230,1,1998,1,0,2,0,0,1,203,2,0,1200,6,1977.0
1094,5868,3,2000,1,0,2,0,0,1,448,1,0,936,4,1956.0
1095,9317,2,2006,1,0,2,0,1,1,1290,2,0,1314,6,2006.0
1096,6882,0,2006,1,0,2,0,0,1,684,0,0,773,1,0.0
1097,3696,2,1986,1,0,2,0,0,1,1074,2,0,1088,1,1987.0
1098,6000,1,1950,1,0,2,0,0,1,0,1,0,757,4,1936.0
1099,11880,2,1978,1,0,2,0,1,1,567,2,1,1601,5,1978.0
1100,8400,1,1950,1,0,2,0,0,0,0,1,0,438,3,1930.0
1101,9758,1,1971,1,0,2,0,0,1,251,1,0,950,4,1981.0
1102,7000,2,2002,1,0,2,0,0,1,422,1,0,1134,3,1960.0
1103,8910,3,1959,1,0,2,1,1,1,0,2,0,1194,5,1954.0
1104,2016,1,1970,1,0,2,0,0,1,630,2,0,630,1,1970.0
1105,12256,2,1995,1,0,2,0,2,1,431,2,0,1500,6,1994.0
1106,10357,3,1991,1,0,2,0,1,1,172,2,0,1442,6,1990.0
1107,23257,2,2006,1,0,2,0,1,1,868,2,0,887,1,2006.0
1108,8063,2,2000,1,0,2,0,1,1,924,2,0,948,1,2000.0
1109,11362,3,2005,1,0,2,0,1,1,797,3,0,1836,6,2004.0
1110,8000,3,1996,1,0,2,0,1,1,554,2,0,773,6,1995.0
1111,10480,2,1976,1,0,2,0,1,1,400,2,1,1098,5,1976.0
1112,7100,1,1957,1,0,2,0,0,1,108,1,0,816,6,1957.0
1113,8923,1,2006,1,0,2,0,0,1,365,1,0,1008,4,1953.0
1114,5400,1,2000,1,0,3,0,0,1,418,1,0,833,3,1955.0
1115,12085,2,2007,1,0,2,0,1,1,730,3,0,1734,6,2007.0
1116,7750,3,2002,1,0,2,0,1,1,55,2,0,779,6,2002.0
1117,9764,2,2003,1,0,2,0,0,1,192,2,0,894,4,1967.0
1118,13825,2,1987,1,0,3,1,0,1,533,1,0,1021,1,1958.0
1119,7560,2,1959,1,0,2,0,0,1,671,1,0,1040,2,1959.0
1120,8263,1,1950,1,0,2,0,1,1,1012,1,0,1012,1,1920.0
1121,10084,2,2006,1,0,2,0,0,1,1528,3,0,1552,6,2005.0
1122,8926,1,1956,1,0,2,0,0,1,672,1,0,960,1,1956.0
1123,9405,0,2008,1,0,4,1,0,1,698,0,0,698,1,0.0
1124,9125,3,1992,1,0,2,0,1,1,384,2,0,812,1,1992.0
1125,10434,1,1955,1,0,2,0,1,1,1005,2,0,1005,1,1977.0
1126,3684,3,2007,1,0,2,0,1,1,1373,3,0,1555,1,2007.0
1127,14572,3,2004,1,0,2,0,1,1,230,3,0,1530,6,2004.0
1128,11796,3,2005,1,0,2,0,1,1,847,2,0,847,1,2004.0
1129,7200,1,1980,1,0,2,0,0,1,0,2,0,936,6,1980.0
1130,7804,1,1950,1,0,2,0,2,1,500,2,0,1328,4,1981.0
1131,10712,0,1992,1,0,2,0,0,1,762,0,0,974,4,0.0
1132,9900,1,1950,1,0,2,0,0,1,1008,1,0,1178,1,1930.0
1133,9828,2,1995,1,0,2,0,1,1,544,2,0,1142,6,1995.0
1134,8773,3,1997,1,0,2,0,1,1,916,2,0,916,1,1997.0
1135,6180,1,1950,1,0,2,0,1,0,960,1,0,986,1,1926.0
1136,9600,1,1950,1,0,2,0,0,1,752,1,0,1032,4,1950.0
1137,6342,0,1996,1,0,3,0,0,0,780,0,0,780,1,0.0
1138,9819,2,1977,1,0,2,0,2,1,0,2,0,1567,5,1977.0
1139,8731,1,1950,1,0,1,0,1,1,270,2,0,1167,4,1972.0
1140,7350,1,1951,1,0,2,0,0,1,100,2,0,952,5,1988.0
1141,10304,1,1976,1,0,3,0,1,1,399,2,1,1088,5,1976.0
1142,9965,2,2007,1,0,2,0,1,1,316,3,0,1466,6,2006.0
1143,9000,0,1959,1,0,2,0,0,1,718,0,0,1006,6,0.0
1144,12180,1,1950,1,0,1,0,0,0,324,1,0,672,4,1941.0
1145,6240,1,1950,1,0,2,0,1,1,1042,1,0,1042,1,1928.0
1146,11200,1,1985,1,0,2,0,1,1,40,2,0,1298,6,1985.0
1147,12000,1,1950,1,0,2,0,1,1,429,1,0,860,3,1941.0
1148,5700,1,1950,1,0,2,0,1,1,572,1,0,572,1,1982.0
1149,9000,1,1988,1,0,3,1,0,1,26,2,0,832,5,1930.0
1150,8280,1,1950,1,0,2,0,1,1,932,1,0,932,1,1950.0
1151,17755,3,1959,1,0,2,0,2,1,1290,2,0,1466,4,1959.0
1152,14115,3,2004,1,0,2,0,1,1,230,2,0,1811,5,1956.0
1153,5890,1,2007,1,0,3,0,0,1,278,1,0,816,5,2002.0
1154,13700,1,1988,1,0,2,0,2,1,410,2,0,902,5,1965.0
1155,10768,2,2004,1,0,3,0,1,1,280,2,0,1437,5,1976.0
1156,9350,2,1999,1,0,3,1,1,1,586,2,0,1265,5,1965.0
1157,5001,2,2008,1,0,2,0,1,1,410,2,0,1314,6,2008.0
1158,11932,2,2008,1,0,2,0,0,1,1580,3,0,1580,1,2008.0
1159,9120,2,1974,1,0,2,0,1,1,459,2,1,943,5,1974.0
1160,2280,1,1978,1,0,2,0,1,1,544,2,0,855,5,1978.0
1161,14778,1,2006,1,0,2,0,1,1,568,2,0,1640,4,1993.0
1162,8724,3,1968,1,0,2,0,1,1,402,2,0,894,4,1968.0
1163,12900,1,1969,2,0,2,0,0,1,0,2,0,1258,6,1969.0
1164,16157,1,1978,1,0,2,0,1,1,289,2,0,1432,5,1978.0
1165,9541,2,2009,1,0,2,0,0,1,1502,2,0,1502,1,2009.0
1166,10475,2,2008,1,0,2,0,0,1,1694,3,0,1694,1,2008.0
1167,10852,3,2000,1,0,2,0,1,1,173,2,0,959,6,2000.0
1168,13728,1,1986,1,0,2,0,2,1,501,2,0,1236,3,1935.0
1169,35760,3,1996,1,0,3,0,1,1,543,3,0,1831,6,1995.0
1170,9880,3,1977,1,0,2,0,1,1,574,1,0,1118,5,1977.0
1171,9120,2,1958,1,0,2,0,1,1,599,2,0,1261,5,1958.0
1172,4017,3,2007,1,0,2,0,0,1,625,2,0,625,1,2006.0
1173,18030,0,1994,1,479,2,0,1,1,977,0,0,1636,3,0.0
1174,16560,1,1950,1,0,2,0,1,1,449,2,0,1170,3,1932.0
1175,10678,3,2000,1,0,2,0,1,1,983,2,0,2129,6,1992.0
1176,6951,1,1985,1,0,2,0,0,1,218,1,0,923,5,1984.0
1177,3950,1,2004,1,0,2,0,0,1,350,1,0,818,3,1926.0
1178,7681,1,1950,1,0,2,0,1,1,731,1,0,820,1,1921.0
1179,8335,0,1954,1,0,2,0,1,1,0,0,0,1124,0,0.0
1180,11170,3,1991,1,0,2,0,0,1,0,2,0,1298,2,1990.0
1181,5587,3,2008,1,0,2,1,1,1,120,2,0,1652,6,2008.0
1182,15623,3,1996,1,0,2,0,2,1,300,3,0,2411,6,1996.0
1183,10800,1,1950,1,0,2,0,1,1,299,2,0,1130,3,1970.0
1184,35133,2,1963,1,0,2,0,2,1,413,3,0,1572,3,1963.0
1185,9738,1,1950,1,0,3,0,0,1,392,1,0,949,4,1965.0
1186,10615,1,1970,2,0,2,0,0,1,538,2,0,1014,4,1920.0
1187,12461,2,1995,1,0,2,0,1,1,168,3,0,1624,6,1994.0
1188,8935,2,2002,1,0,2,0,0,1,831,2,0,831,1,2002.0
1189,7500,3,1999,1,0,2,0,1,1,994,2,0,1028,1,1999.0
1190,32463,3,1975,1,0,3,0,1,1,90,4,0,1622,4,1975.0
1191,2645,1,2000,1,0,2,0,0,1,776,2,0,764,1,1999.0
1192,9600,1,1994,1,0,2,0,0,1,702,1,0,842,1,1925.0
1193,4500,3,1999,1,0,2,0,0,1,341,2,0,1224,6,1999.0
1194,9364,3,1969,1,0,2,0,0,1,292,1,0,663,5,1969.0
1195,8029,3,2005,1,0,2,0,0,1,728,2,0,728,1,2005.0
1196,14054,3,2006,1,0,2,0,1,1,879,3,0,879,1,2006.0
1197,8850,1,1950,1,0,2,0,1,1,815,1,0,815,1,1916.0
1198,9100,2,2001,1,0,2,0,0,1,1212,2,0,1212,1,2001.0
1199,11235,1,1979,1,0,2,0,1,1,504,2,0,1382,3,1974.0
1200,9353,1,1970,1,0,2,0,0,1,864,1,0,864,1,1972.0
1201,10400,2,1998,1,0,2,0,0,1,866,2,0,866,1,1998.0
1202,6000,1,1997,1,0,2,0,1,1,884,1,0,884,1,1960.0
1203,9750,1,2001,1,0,2,0,1,1,1630,2,0,1630,1,2000.0
1204,10140,2,1975,1,0,2,0,0,1,268,2,1,1074,5,1975.0
1205,14684,2,1991,1,0,2,0,1,1,1496,3,0,2196,5,1990.0
1206,8900,1,1966,1,0,2,0,0,1,0,1,0,1056,3,1966.0
1207,9135,2,2003,1,0,2,0,0,1,1342,2,0,1700,6,2003.0
1208,7763,1,1980,1,0,3,0,0,1,319,2,0,1283,3,1980.0
1209,10182,2,2006,1,0,2,0,1,1,440,2,0,1660,6,2006.0
1210,11218,2,1992,1,0,2,0,1,1,1055,2,0,1055,1,1992.0
1211,12134,2,2005,1,0,2,0,0,1,132,2,0,1080,6,1988.0
1212,9340,1,1950,1,0,2,0,0,1,328,1,0,672,3,1941.0
1213,10246,1,2001,1,0,3,1,0,1,0,1,0,960,6,1965.0
1214,10205,1,1962,1,0,2,0,0,1,141,1,0,999,4,1962.0
1215,7094,2,1966,1,0,2,0,0,1,340,1,0,894,3,1966.0
1216,8930,1,1978,2,0,2,0,0,1,0,2,0,1318,0,1978.0
1217,8640,2,2009,1,0,2,0,0,1,364,2,0,1314,6,2009.0
1218,6240,0,1950,1,0,2,0,0,0,0,0,0,672,0,0.0
1219,1680,0,1971,1,0,2,0,0,1,672,0,0,672,1,0.0
1220,7800,1,1964,1,0,2,0,0,1,0,1,0,912,3,1964.0
1221,8250,1,1968,1,0,2,0,1,1,210,1,0,1211,4,1968.0
1222,10496,1,1950,1,0,2,0,1,1,844,1,0,1168,3,1949.0
1223,10680,1,1951,1,0,2,0,0,0,1380,2,0,2136,2,1951.0
1224,15384,3,2005,1,0,2,0,1,1,64,2,0,788,6,2004.0
1225,10482,2,1958,1,0,3,1,0,1,81,1,0,1138,6,1958.0
1226,14598,3,2007,1,0,2,0,1,1,894,3,0,894,1,2007.0
1227,8872,1,2008,1,0,2,0,0,1,317,2,0,912,5,1992.0
1228,8769,3,2008,1,0,2,0,1,1,162,3,0,1702,6,2008.0
1229,7910,1,1960,1,0,2,0,0,1,409,1,0,1507,5,1960.0
1230,18890,2,1977,2,0,2,0,1,1,652,2,0,1361,6,1977.0
1231,7728,1,1962,1,0,2,0,0,1,303,2,0,1190,5,1962.0
1232,9842,1,1962,2,0,2,0,0,1,0,2,0,1224,0,1962.0
1233,12160,2,1959,1,0,2,0,0,1,188,2,0,1188,3,1959.0
1234,8525,0,1950,1,0,2,0,0,0,940,0,0,1024,1,0.0
1235,13132,1,1950,1,0,2,0,0,1,747,1,0,892,1,1914.0
1236,2628,2,2003,1,0,2,0,0,1,764,2,0,764,1,2003.0
1237,12393,3,2005,1,0,2,0,1,1,847,2,0,847,1,2004.0
1238,13072,1,2005,1,0,2,0,0,1,1141,2,0,1141,1,2005.0
1239,9037,2,2006,1,0,2,0,1,1,1048,2,0,1484,6,2006.0
1240,8158,2,2003,1,0,2,0,0,1,334,2,0,884,6,2003.0
1241,9849,2,2007,1,0,2,0,0,1,1689,3,0,1689,1,2007.0
1242,10625,2,1974,1,0,2,0,2,1,0,2,1,1173,6,1974.0
1243,13891,3,2006,1,0,2,0,1,1,690,3,0,2076,6,2006.0
1244,11435,1,1950,1,0,2,0,2,1,792,2,0,792,1,1931.0
1245,12090,3,2003,1,0,2,0,1,1,585,2,1,1140,1,1984.0
1246,8125,2,2006,1,0,2,0,0,1,756,2,0,756,1,2005.0
1247,12328,1,1976,1,0,2,0,0,1,473,3,0,1034,6,1976.0
1248,9600,1,1950,1,0,2,0,1,0,416,2,0,1134,3,1950.0
1249,7200,1,1950,1,0,2,0,0,1,246,1,0,988,4,1950.0
1250,11160,3,1968,1,0,2,0,2,1,1045,2,0,2110,5,1968.0
1251,3136,2,2003,1,0,2,0,1,1,1405,2,0,1405,1,2003.0
1252,9858,2,1968,1,0,2,0,0,1,354,1,0,874,4,1968.0
1253,17542,2,2003,1,0,2,0,2,1,36,2,0,1516,2,1974.0
1254,6931,3,2004,1,0,2,0,1,1,746,2,0,760,1,2003.0
1255,6240,1,1950,1,0,2,0,1,1,459,1,0,959,2,1978.0
1256,14303,3,1994,1,0,2,0,1,1,672,2,0,1987,6,1994.0
1257,4060,0,1950,1,0,2,0,0,1,864,0,0,864,1,0.0
1258,9587,3,2005,1,0,2,0,0,1,201,2,0,1166,6,2005.0
1259,9750,1,1969,1,0,2,0,0,1,14,2,0,1054,5,1969.0
1260,24682,3,1999,1,0,2,0,1,1,841,2,0,892,1,1999.0
1261,9600,1,1956,1,0,2,0,0,1,546,1,0,1050,3,1956.0
1262,11250,1,1989,1,0,2,0,2,1,1104,1,0,1104,1,1957.0
1263,13515,1,1950,1,0,2,0,1,1,764,2,0,1060,1,1940.0
1264,4060,3,1999,1,0,2,0,0,1,1139,2,0,1337,6,1998.0
1265,3735,1,1999,1,0,2,0,0,1,241,2,0,713,6,1999.0
1266,10120,1,1950,2,0,2,0,1,0,925,1,0,964,1,1960.0
1267,13214,3,2009,1,0,2,0,1,1,2002,3,0,2018,1,2009.0
1268,14100,1,1997,1,0,3,0,2,1,536,3,0,1968,3,1982.0
1269,11344,1,1958,1,0,2,0,0,1,414,1,0,874,4,1958.0
1270,23595,3,1979,1,0,2,0,1,1,74,2,0,1332,6,1979.0
1271,9156,2,1968,1,0,2,0,1,1,1489,2,1,1489,1,1968.0
1272,13526,1,1965,1,0,2,0,0,1,0,1,0,935,4,1965.0
1273,11512,2,2006,1,0,2,0,1,1,300,1,0,1357,5,1959.0
1274,5362,1,2003,1,0,2,0,1,1,661,2,0,661,1,1985.0
1275,11345,1,1950,2,0,2,0,0,1,708,2,0,928,3,1948.0
1276,12936,1,1972,1,0,2,1,1,1,130,2,1,735,4,1972.0
1277,17871,2,1976,1,0,2,0,1,1,1152,2,1,1724,5,1967.0
1278,9473,2,2002,1,0,2,0,1,1,324,2,0,1128,6,2002.0
1279,7500,2,1950,1,0,3,0,0,1,698,2,0,698,1,1980.0
1280,9808,2,2002,1,0,2,0,0,1,785,2,0,1573,6,2002.0
1281,8049,3,1990,1,0,2,0,1,1,256,2,0,1339,5,1990.0
1282,8800,1,2008,1,0,2,0,0,1,364,2,0,1040,2,1977.0
1283,9400,0,1971,2,0,2,0,0,1,912,0,0,912,1,0.0
1284,9638,1,1990,1,0,2,0,1,1,804,1,0,1699,1,1969.0
1285,6000,1,1950,1,0,1,0,1,1,780,1,0,825,1,1939.0
1286,9790,1,1963,1,0,2,0,2,1,678,2,1,1328,5,1963.0
1287,36500,1,1964,1,0,3,1,0,1,812,2,0,1582,3,1964.0
1288,5664,3,2000,1,0,2,0,1,1,343,2,0,1659,6,2000.0
1289,11065,3,2006,1,0,2,0,1,1,1085,3,0,1120,1,2006.0
1290,14112,2,1964,1,0,2,0,1,1,138,2,0,1152,6,1964.0
1291,1680,1,1972,1,0,2,0,0,1,399,1,0,630,5,1972.0
1292,6600,2,1965,2,0,2,0,0,0,994,1,0,1378,1,1985.0
1293,10140,2,1976,1,0,2,0,1,1,638,2,1,832,6,1976.0
1294,8172,1,1990,1,0,2,0,0,1,697,2,0,864,3,1957.0
1295,8400,2,1968,1,0,2,0,0,1,36,1,0,1052,4,1968.0
1296,8700,2,1963,1,0,3,0,0,1,344,2,0,1128,5,1963.0
1297,3675,3,2006,1,0,2,0,0,1,0,2,0,1072,6,2005.0
1298,63887,3,2008,1,0,2,0,3,1,466,2,0,4692,6,2008.0
1299,7500,2,1994,1,0,2,0,0,1,0,1,0,1246,2,1959.0
1300,10762,3,1999,1,0,2,0,1,1,284,2,0,1005,6,1999.0
1301,7500,1,1950,1,0,2,0,2,1,224,1,0,753,4,1942.0
1302,10120,2,1994,1,0,2,0,1,1,425,3,0,1203,6,1994.0
1303,8688,2,2005,1,0,2,0,0,1,1616,3,0,1616,1,2005.0
1304,3363,1,2004,1,0,2,0,0,1,976,2,0,976,1,2004.0
1305,13173,3,2007,1,0,2,0,2,1,80,2,0,1652,6,2006.0
1306,6955,2,2006,1,0,2,0,1,1,1368,2,0,1368,1,2005.0
1307,8072,1,1995,1,0,3,0,0,1,244,2,0,990,5,2000.0
1308,12000,1,2005,1,0,2,0,0,1,172,2,0,1122,6,1948.0
1309,7153,2,1991,1,0,2,0,0,1,78,2,0,1294,6,1991.0
1310,17500,3,2002,1,0,3,0,2,1,496,2,0,1902,6,1959.0
1311,8814,2,2007,1,0,2,0,0,1,349,2,0,1274,6,2005.0
1312,9572,2,1990,1,0,2,0,1,1,971,2,0,1453,6,1990.0
1313,14774,3,1999,1,0,2,0,1,1,1393,3,0,1422,1,1999.0
1314,8190,1,1954,1,0,2,0,1,1,216,1,0,948,3,1956.0
1315,11075,1,1969,1,0,2,0,2,1,176,2,0,1092,5,1969.0
1316,10226,2,2008,1,0,2,0,1,1,1622,3,0,1630,1,2008.0
1317,4230,2,2007,1,0,2,0,1,1,1352,2,0,1352,1,2006.0
1318,14781,2,2002,1,0,2,0,1,1,1753,3,0,1787,1,2001.0
1319,10215,1,1954,1,0,2,0,0,1,372,1,0,948,5,1954.0
1320,8400,2,1957,1,0,2,0,2,1,628,2,0,1478,5,1957.0
1321,6627,1,1950,1,0,2,0,0,0,0,1,0,720,0,1955.0
1322,10186,2,1992,1,0,2,0,1,1,76,2,0,1061,6,1992.0
1323,5330,0,1950,1,0,2,0,0,1,140,0,0,708,2,0.0
1324,9986,2,2007,1,0,2,0,1,1,1795,3,0,1795,1,2007.0
1325,3636,0,1950,1,0,2,0,0,0,796,0,0,796,1,0.0
1326,4270,0,2006,1,0,2,0,0,1,0,0,0,774,3,0.0
1327,6600,1,2008,1,0,3,1,1,1,175,1,0,816,5,1982.0
1328,10440,1,1950,1,0,3,0,2,1,1017,2,0,1584,2,1920.0
1329,9084,3,1998,1,0,2,0,1,1,935,2,0,955,1,1998.0
1330,10000,2,2006,1,0,2,0,1,1,1588,3,0,1588,1,2006.0
1331,10780,1,1976,1,0,2,0,0,1,428,2,0,954,5,1976.0
1332,8877,1,1958,1,0,2,0,1,1,126,1,0,816,5,1958.0
1333,7200,1,1995,1,0,2,0,0,1,803,1,0,803,1,1951.0
1334,2368,1,1970,1,0,2,0,0,1,0,2,0,765,2,1970.0
1335,9650,2,1977,1,0,2,1,1,1,664,2,1,1334,5,1977.0
1336,9246,1,1973,2,0,2,0,0,1,1656,2,1,1656,1,1973.0
1337,4118,0,1950,1,0,2,0,0,0,693,0,0,693,1,0.0
1338,13450,2,2002,1,0,2,0,0,1,216,2,0,920,6,2002.0
1339,9560,2,1972,1,0,3,0,0,1,504,1,0,864,3,1972.0
1340,8294,1,1971,1,0,2,0,0,1,858,4,0,872,1,1974.0
1341,13695,1,2004,1,0,2,0,0,1,300,2,0,1114,6,2004.0
1342,9375,2,2002,1,0,2,0,1,1,1284,2,0,1284,1,2002.0
1343,7558,1,1950,1,0,2,0,1,1,896,2,0,1172,1,1929.0
1344,11103,3,2006,1,0,2,0,1,1,728,2,0,728,1,2006.0
1345,6000,1,1950,1,0,2,0,0,1,710,1,0,960,5,1997.0
1346,20781,2,2003,1,0,2,0,1,1,1203,2,1,2156,4,1968.0
1347,15306,3,2007,1,0,2,0,1,1,1652,3,0,1776,6,2006.0
1348,16196,2,1998,1,0,2,0,1,1,39,2,0,1494,6,1998.0
1349,5250,0,1987,1,205,3,0,0,0,425,0,0,938,2,0.0
1350,11643,1,1969,2,0,2,1,0,1,748,4,0,1338,2,1969.0
1351,9247,3,1962,1,0,2,0,1,1,539,2,0,858,3,1962.0
1352,6000,1,2000,1,0,2,0,0,1,698,2,0,786,1,1999.0
1353,14720,3,1996,1,0,2,0,1,1,1217,3,0,2053,6,1996.0
1354,10316,2,2000,1,0,2,0,1,1,257,3,0,992,6,2000.0
1355,10192,2,1992,1,0,2,0,1,1,570,2,1,1222,1,1968.0
1356,9477,2,1966,1,0,2,0,0,1,524,1,0,892,3,1966.0
1357,12537,3,2008,1,0,2,0,1,1,344,2,0,1078,6,1971.0
1358,2117,1,2000,1,0,2,0,0,1,378,2,0,769,6,2000.0
1359,16737,3,2005,1,0,2,0,1,1,533,3,0,1980,6,2004.0
1360,9842,2,1998,1,0,2,0,0,1,612,2,0,990,1,1998.0
1361,16158,3,2005,1,0,2,0,1,1,256,2,0,1530,5,2005.0
1362,12513,1,2007,1,0,3,0,1,1,715,1,0,1281,1,1920.0
1363,8499,3,2007,1,0,2,0,1,1,616,2,0,616,1,2007.0
1364,3180,2,2005,1,80,2,0,0,1,600,2,0,520,1,2005.0
1365,7500,2,2000,1,0,2,0,0,1,281,2,0,814,6,2000.0
1366,9179,2,1999,1,0,2,0,0,1,240,2,0,882,6,1999.0
1367,2665,2,1977,1,0,2,0,1,1,36,1,0,925,5,1977.0
1368,4435,3,2004,1,0,2,0,0,1,163,2,0,848,6,2003.0
1369,10635,3,2003,1,0,2,0,1,1,315,2,0,1668,4,2003.0
1370,5400,3,1950,1,0,2,0,0,1,420,1,0,840,5,1967.0
1371,9600,2,1996,1,0,2,0,1,1,161,1,0,1661,4,1955.0
1372,9750,2,1998,1,0,2,0,1,1,133,2,0,1108,6,1998.0
1373,11400,2,2002,1,0,2,0,2,1,1351,3,0,2633,6,2001.0
1374,10625,3,2005,1,0,2,0,1,1,1026,3,0,1026,1,2005.0
1375,10991,3,2007,1,0,2,0,1,1,1571,3,0,1571,1,2007.0
1376,6292,1,1950,1,0,2,0,0,0,384,1,0,790,3,1925.0
1377,10998,1,1960,1,0,2,0,0,1,156,2,0,984,2,1977.0
1378,1953,1,1973,1,0,2,0,0,1,174,1,0,483,4,1973.0
1379,8212,1,1950,1,0,1,0,0,0,661,1,0,864,3,1938.0
1380,12925,3,1970,1,0,2,0,2,1,340,2,0,2117,4,1970.0
1381,7200,1,1950,1,0,2,0,0,1,596,2,0,998,1,1989.0
1382,25339,1,2007,1,0,3,0,0,1,816,2,0,1416,1,2007.0
1383,9060,1,1950,1,0,2,0,0,1,356,1,0,698,3,1939.0
1384,5436,1,2007,1,0,3,0,0,1,61,1,0,796,4,1922.0
1385,16692,2,1978,1,0,2,0,2,1,133,2,1,1392,4,1978.0
1386,8520,1,1950,1,0,3,0,1,0,0,1,0,1664,3,1916.0
1387,14892,3,2007,1,0,2,0,2,1,426,3,0,1746,6,2006.0
1388,6000,1,1950,1,0,3,1,1,1,360,2,0,869,5,2003.0
1389,9100,2,2000,1,0,2,0,0,1,125,2,0,1525,6,2000.0
1390,8944,1,1967,2,0,2,0,0,1,1584,3,0,1584,1,1967.0
1391,7838,2,1967,1,0,2,0,1,1,95,1,0,900,5,1967.0
1392,10800,1,2000,2,0,2,0,1,0,482,2,0,1221,1,2003.0
1393,4045,3,2006,1,0,2,0,1,1,286,3,0,1500,6,2006.0
1394,12665,3,2006,1,0,2,0,1,1,1094,3,0,1133,1,2005.0
1395,57200,1,1950,1,0,2,0,2,1,60,2,0,1687,4,1966.0
1396,6120,1,2004,1,0,2,0,0,1,939,1,0,939,1,1933.0
1397,7200,1,1982,1,0,2,0,0,1,676,1,0,1136,3,1950.0
1398,6171,1,1990,1,0,2,0,1,1,712,1,0,1160,4,1925.0
1399,6000,2,1950,1,0,2,0,1,1,862,1,0,950,1,1929.0
1400,7415,3,2004,1,0,2,0,1,1,80,2,0,864,6,2004.0
1401,6762,2,2006,1,0,2,0,1,1,1286,2,0,1294,1,2006.0
1402,15256,1,2007,1,0,2,0,0,1,556,3,0,1464,6,2007.0
1403,10410,1,1950,1,0,2,0,0,1,672,3,0,694,1,1998.0
1404,3842,3,2005,1,0,2,1,1,1,221,2,0,1646,6,2004.0
1405,8445,1,2007,1,0,2,0,0,1,112,2,0,768,6,1988.0
1406,8780,0,1985,1,0,2,0,0,1,208,0,0,833,5,0.0
1407,7740,1,1950,1,0,2,0,0,1,622,2,0,741,1,1966.0
1408,20544,3,1991,1,0,3,0,1,1,791,2,1,1236,1,1986.0
1409,12420,2,2001,1,0,2,0,0,1,278,2,0,944,6,2001.0
1410,9600,1,2005,1,0,3,0,0,1,736,1,0,1112,4,1950.0
1411,7200,1,1950,2,0,2,0,0,0,0,2,0,1040,0,1956.0
1412,10994,3,2006,1,0,2,0,1,1,868,2,0,1844,6,2005.0
1413,13053,1,2000,1,0,2,0,1,1,833,2,0,1053,1,1922.0
1414,3635,2,2007,1,0,2,1,1,1,398,3,0,1569,5,2007.0
1415,11340,1,1950,2,0,2,0,0,1,777,2,0,1246,1,1971.0
1416,16545,3,1998,1,0,2,0,1,1,503,3,0,1310,6,1998.0
1417,9204,1,1963,1,0,2,0,0,1,247,1,0,1144,4,1962.0
1418,16381,2,1969,1,0,3,0,1,1,734,2,0,1844,3,1969.0
1419,11700,2,1968,1,0,2,0,1,1,304,2,1,708,5,1968.0
1420,4043,2,1977,1,0,2,0,1,1,709,2,0,1069,5,1977.0
1421,4435,3,2003,1,0,2,0,0,1,162,2,0,848,6,2003.0
1422,19690,1,1966,1,0,3,0,1,1,697,2,0,1575,1,1966.0
1423,9503,1,1983,1,0,2,0,1,1,193,1,0,1344,5,1970.0
1424,10721,1,1959,1,0,2,0,0,1,1252,2,0,1252,1,1960.0
1425,10944,2,1994,1,0,2,0,2,1,223,2,0,1223,6,1994.0
1426,10930,1,1950,1,0,2,0,1,1,333,1,0,1048,4,1962.0
1427,7200,1,1992,1,0,3,0,2,1,278,1,0,804,4,1940.0
1428,12546,3,1981,1,0,3,0,1,1,762,2,1,1440,4,1981.0
1429,21930,3,2005,1,0,2,0,1,1,732,2,0,734,1,2005.0
1430,4928,2,1976,1,0,2,0,0,1,0,2,0,958,2,1976.0
1431,10800,1,2007,1,0,2,0,0,1,656,1,0,968,1,1928.0
1432,10261,3,2000,1,0,2,0,1,1,936,2,0,962,1,2000.0
1433,17400,2,1977,1,0,2,0,1,1,190,2,0,1126,5,1977.0
1434,8400,2,2005,1,0,3,0,1,1,1319,2,0,1537,1,1962.0
1435,9000,1,1971,1,0,2,0,0,1,248,2,0,864,5,1974.0
1436,12444,3,2008,1,0,2,0,1,1,596,3,0,1932,6,2008.0
1437,7407,1,1996,1,0,2,0,0,1,312,2,0,1236,6,1957.0
1438,11584,2,1979,1,0,2,0,1,1,114,2,1,1040,6,1979.0
1439,11526,3,1994,1,384,2,0,1,1,588,2,0,1423,1,1993.0
1440,4426,2,2004,1,0,2,0,1,1,151,2,0,848,6,2004.0
1441,11003,3,2008,1,0,2,0,1,1,252,3,0,1026,6,2008.0
1442,8854,1,1950,1,0,2,0,1,0,952,1,0,952,1,1916.0
1443,8500,2,2004,1,0,2,0,0,1,1422,2,0,1422,1,2004.0
1444,8400,1,1966,1,0,2,0,0,1,0,1,0,913,2,1990.0
1445,26142,1,1962,1,0,2,0,0,1,595,1,0,1188,3,1962.0
1446,10000,2,1996,1,0,2,0,1,1,141,2,0,1220,6,1995.0
1447,11767,1,2000,1,0,2,0,0,0,560,1,0,796,1,1950.0
1448,1533,0,1970,1,0,2,0,0,1,77,0,0,630,6,0.0
1449,9000,0,1974,2,0,2,0,0,1,896,0,0,896,1,0.0
1450,9262,3,2009,1,0,2,0,1,1,1573,3,0,1578,1,2008.0
1451,3675,3,2005,1,0,2,0,0,1,0,2,0,1072,6,2005.0
1452,17217,0,2006,1,0,2,0,0,1,1140,0,0,1140,1,0.0
1453,7500,2,2005,1,0,2,0,0,1,811,2,0,1221,6,2004.0
1454,7917,2,2000,1,0,2,0,1,1,953,2,0,953,1,1999.0
1455,13175,1,1988,1,0,2,0,2,1,589,2,1,2073,5,1978.0
1456,9042,2,2006,1,0,3,0,2,1,877,1,0,1188,6,1941.0
1457,9717,1,1996,1,0,2,0,0,1,0,1,0,1078,6,1950.0
1458,9937,3,1965,1,0,2,0,0,1,136,1,0,1256,4,1965.0
